0,7.855833530426025,2.560833215713501,0.46792898106043146,2254.420166015625,1.5443251132965088,2254.420166015625
1,10.500833511352539,3.0158333778381348,0.4682871359368087,2231.15087890625,1.5250258445739746,2231.15087890625
2,12.045833587646484,3.3916666507720947,0.46107305688979106,2210.304443359375,1.5219299793243408,2210.304443359375
3,14.61916732788086,3.8916666507720947,0.5025987634181224,2148.7568359375,1.5292086601257324,2148.7568359375
4,17.696666717529297,4.394166469573975,0.46430116787835274,2153.752685546875,1.4908825159072876,2153.752685546875
5,21.879165649414062,4.913333415985107,0.45904128279614453,2086.2890625,1.4949378967285156,2086.2890625
6,23.30500030517578,5.451666355133057,0.4946463832547948,2102.0078125,1.5078949928283691,2102.0078125
7,23.696666717529297,5.493333339691162,0.48294200445503743,2100.79296875,1.4763169288635254,2100.79296875
8,28.108333587646484,6.282500267028809,0.4261963156549617,2122.2490234375,1.4940460920333862,2122.2490234375
9,31.34583282470703,7.045833110809326,0.46384577076992506,2118.146484375,1.4607681035995483,2118.146484375
10,30.33916664123535,6.813333034515381,0.40744408702929114,2099.12841796875,1.452647089958191,2099.12841796875
11,32.52666473388672,7.307499885559082,0.44477185701374644,2104.765625,1.4506902694702148,2104.765625
12,35.21500015258789,7.790832996368408,0.39143360329712307,2118.35986328125,1.453202247619629,2118.35986328125
13,34.95000076293945,7.664999961853027,0.37632662426231855,2151.2451171875,1.4650242328643799,2151.2451171875
14,36.733333587646484,8.241666793823242,0.391475668514182,2188.247314453125,1.4572279453277588,2188.247314453125
15,38.910831451416016,8.8725004196167,0.34723363269533053,2225.160888671875,1.4166394472122192,2225.160888671875
16,39.208335876464844,8.769166946411133,0.3427116644542736,2204.695068359375,1.4250613451004028,2204.695068359375
17,39.23583221435547,8.697500228881836,0.35545161454642715,2212.570068359375,1.4375406503677368,2212.570068359375
18,38.72166442871094,8.489999771118164,0.3655739009454209,2156.703857421875,1.427269458770752,2156.703857421875
19,38.86666488647461,8.606666564941406,0.3523208313073014,2179.78564453125,1.4206303358078003,2179.78564453125
20,38.87666702270508,8.750833511352539,0.33627841596065755,2196.539306640625,1.4142485857009888,2196.539306640625
21,38.37249755859375,8.745833396911621,0.34527895857042057,2183.710693359375,1.4131696224212646,2183.710693359375
22,38.92333221435547,8.740833282470703,0.31752428620079115,2223.703857421875,1.420304298400879,2223.703857421875
23,38.89833450317383,8.785833358764648,0.3436268730465655,2178.1064453125,1.40976881980896,2178.1064453125
24,38.268333435058594,8.385833740234375,0.33299110215202227,2231.644287109375,1.4359290599822998,2231.644287109375
25,38.58250045776367,8.828332901000977,0.39249735693487403,2207.09375,1.4262057542800903,2207.09375
26,39.09749984741211,8.553333282470703,0.4017442742805277,2209.603515625,1.4359664916992188,2209.603515625
27,38.73583221435547,8.595832824707031,0.39516423468973905,2217.15869140625,1.4245296716690063,2217.15869140625
28,37.016666412353516,8.40333366394043,0.3829848379111497,2165.82080078125,1.4141533374786377,2165.82080078125
29,39.2599983215332,8.992500305175781,0.35484230769328373,2165.459228515625,1.4390974044799805,2165.459228515625
30,37.807498931884766,8.525833129882812,0.3890103998536272,2151.31103515625,1.421995759010315,2151.31103515625
31,37.7400016784668,8.444999694824219,0.3645081997636816,2187.41796875,1.428092360496521,2187.41796875
32,37.94249725341797,8.770000457763672,0.3178745866173937,2142.157470703125,1.415062665939331,2142.157470703125
33,38.801666259765625,8.866666793823242,0.3603358320274579,2195.240478515625,1.4203006029129028,2195.240478515625
34,39.74416732788086,9.115833282470703,0.3525872397787016,2219.319580078125,1.4237308502197266,2219.319580078125
35,38.29916763305664,8.72583293914795,0.3278446412625262,2194.05712890625,1.4414517879486084,2194.05712890625
36,38.95916748046875,8.59333324432373,0.3665222956414249,2230.451904296875,1.4160752296447754,2230.451904296875
37,40.4900016784668,9.24666690826416,0.3566482189303627,2210.70263671875,1.4009610414505005,2210.70263671875
38,38.934165954589844,8.78416633605957,0.32097282416334605,2201.60302734375,1.4237278699874878,2201.60302734375
39,37.21666717529297,8.515832901000977,0.3741348836087917,2195.79052734375,1.4239405393600464,2195.79052734375
40,38.77166748046875,8.703332901000977,0.34870638690088007,2230.272216796875,1.4272582530975342,2230.272216796875
41,38.875,9.03083324432373,0.3227447796266522,2177.23974609375,1.4348928928375244,2177.23974609375
42,39.086666107177734,8.893333435058594,0.3135926725940038,2158.504638671875,1.4263638257980347,2158.504638671875
43,37.97916793823242,8.569167137145996,0.3973684510894166,2238.108642578125,1.4194508790969849,2238.108642578125
44,38.77333450317383,8.739166259765625,0.31824183144754487,2141.016845703125,1.418520450592041,2141.016845703125
45,38.32749938964844,8.62833309173584,0.3603546249517253,2168.253173828125,1.400686264038086,2168.253173828125
46,38.36000061035156,8.72166633605957,0.3182957764442322,2190.3935546875,1.4418240785598755,2190.3935546875
47,37.454166412353516,8.435832977294922,0.38469174481593393,2176.138427734375,1.424384355545044,2176.138427734375
48,38.760833740234375,8.733333587646484,0.3618982106664651,2159.949951171875,1.4075870513916016,2159.949951171875
49,38.92250061035156,8.726666450500488,0.3868775554200111,2223.684326171875,1.4266390800476074,2223.684326171875
50,38.90999984741211,8.869166374206543,0.3677223811251606,2159.930908203125,1.4144145250320435,2159.930908203125
51,37.205833435058594,8.53083324432373,0.33405416836729873,2185.317138671875,1.4262940883636475,2185.317138671875
52,38.81416702270508,8.890833854675293,0.35981609928561165,2219.617431640625,1.413401484489441,2219.617431640625
53,39.42499923706055,8.975000381469727,0.32925739263733594,2215.62353515625,1.4301410913467407,2215.62353515625
54,38.38916778564453,8.838333129882812,0.34366908588170336,2177.734619140625,1.4173201322555542,2177.734619140625
55,37.717498779296875,8.609167098999023,0.3580591285048149,2166.281982421875,1.4227737188339233,2166.281982421875
56,39.22416687011719,8.7475004196167,0.39316228656835717,2223.458740234375,1.431269645690918,2223.458740234375
57,37.926666259765625,8.664999961853027,0.3529470493776073,2172.01611328125,1.429404377937317,2172.01611328125
58,38.46666717529297,8.84666633605957,0.3794526754618551,2251.6845703125,1.4412002563476562,2251.6845703125
59,38.77583312988281,8.748332977294922,0.3683716815070943,2169.1904296875,1.4145317077636719,2169.1904296875
60,37.59916687011719,8.446666717529297,0.385458120415883,2180.851318359375,1.4321658611297607,2180.851318359375
61,38.385833740234375,8.641667366027832,0.3486830081916788,2151.109130859375,1.423291563987732,2151.109130859375
62,39.26499938964844,8.84416675567627,0.3634547510370092,2206.54248046875,1.4141795635223389,2206.54248046875
63,37.67583465576172,8.548333168029785,0.3519540686557102,2235.3935546875,1.4312180280685425,2235.3935546875
64,39.17166519165039,8.950833320617676,0.32696548716140217,2167.140869140625,1.409244418144226,2167.140869140625
65,37.80249786376953,8.638333320617676,0.3615652040450613,2182.13134765625,1.4172420501708984,2182.13134765625
66,36.89583206176758,8.303333282470703,0.36299934545633106,2185.787109375,1.4097408056259155,2185.787109375
67,38.5908317565918,8.880833625793457,0.31722016389285923,2143.240234375,1.4094945192337036,2143.240234375
68,37.510833740234375,8.598333358764648,0.37777334796677065,2150.80029296875,1.4059056043624878,2150.80029296875
69,37.19333267211914,8.518333435058594,0.37980777897508405,2176.846435546875,1.414914846420288,2176.846435546875
70,38.48500061035156,8.880833625793457,0.33055282097302124,2192.17529296875,1.4369210004806519,2192.17529296875
71,39.03916931152344,9.044166564941406,0.3516715348963436,2220.171142578125,1.4135615825653076,2220.171142578125
72,38.65166473388672,8.813333511352539,0.3583325013600686,2183.1357421875,1.419073224067688,2183.1357421875
73,38.69416809082031,8.68416690826416,0.38807527215673504,2236.476318359375,1.425475001335144,2236.476318359375
74,36.75416564941406,8.244166374206543,0.34316225429938796,2159.83642578125,1.4272327423095703,2159.83642578125
75,38.98666763305664,8.845000267028809,0.3186574822551724,2197.52880859375,1.413698673248291,2197.52880859375
76,37.735836029052734,8.604166984558105,0.3756112414606983,2175.701171875,1.4220786094665527,2175.701171875
77,36.53083419799805,8.060832977294922,0.3829664817074977,2171.27294921875,1.423789143562317,2171.27294921875
78,38.913333892822266,8.809165954589844,0.38478764999237236,2194.6923828125,1.4224655628204346,2194.6923828125
79,39.150001525878906,9.022500038146973,0.39576318669400173,2202.25634765625,1.418017864227295,2202.25634765625
80,39.032501220703125,8.674166679382324,0.3447201300542245,2159.324951171875,1.423974871635437,2159.324951171875
81,37.578330993652344,8.60083293914795,0.3366224056152216,2170.93310546875,1.4265960454940796,2170.93310546875
82,37.551666259765625,8.654167175292969,0.3874283903673608,2153.26171875,1.4267630577087402,2153.26171875
83,38.72333526611328,8.918333053588867,0.3847012022294391,2188.723388671875,1.415062427520752,2188.723388671875
84,39.77000045776367,9.06916618347168,0.3426513672042715,2223.551025390625,1.417661428451538,2223.551025390625
85,38.29500198364258,8.675000190734863,0.35188304377662416,2184.3095703125,1.4280962944030762,2184.3095703125
86,39.29166793823242,8.882500648498535,0.3243056920371746,2249.4609375,1.4142154455184937,2249.4609375
87,39.114166259765625,8.737500190734863,0.3504011844793219,2214.625,1.409294843673706,2214.625
88,39.03666687011719,9.03083324432373,0.3494876556383494,2175.669921875,1.4099669456481934,2175.669921875
89,40.09000015258789,9.054166793823242,0.32463368853035224,2215.690185546875,1.425227403640747,2215.690185546875
90,38.46249771118164,8.708333015441895,0.36248458986613313,2203.525390625,1.4178669452667236,2203.525390625
91,37.557498931884766,8.460000038146973,0.3917019950767514,2122.961669921875,1.4057871103286743,2122.961669921875
92,37.68916702270508,8.362500190734863,0.3385208697313607,2216.9140625,1.4233561754226685,2216.9140625
93,39.249168395996094,8.71833324432373,0.3433641852354706,2224.00634765625,1.428896188735962,2224.00634765625
94,38.39083480834961,8.643333435058594,0.3302304863227109,2205.087158203125,1.4378719329833984,2205.087158203125
95,39.52583312988281,8.94416618347168,0.3183150628397715,2196.135986328125,1.4284718036651611,2196.135986328125
96,37.29249954223633,8.573332786560059,0.3636383168578896,2171.559814453125,1.442388653755188,2171.559814453125
97,39.64833450317383,8.961666107177734,0.32507423960336423,2195.220947265625,1.4178094863891602,2195.220947265625
98,37.56666946411133,8.479166984558105,0.4041299705683622,2210.244140625,1.4256831407546997,2210.244140625
99,39.36666488647461,8.816666603088379,0.33657959426458395,2180.78125,1.4244680404663086,2180.78125
100,38.24583435058594,8.780000686645508,0.3745944184277693,2142.574951171875,1.4175989627838135,2142.574951171875
101,38.47999954223633,8.733333587646484,0.3667782954485127,2186.7314453125,1.4083243608474731,2186.7314453125
102,37.77583312988281,8.525833129882812,0.3607973597570605,2161.377197265625,1.424924373626709,2161.377197265625
103,39.7408332824707,9.21500015258789,0.3143637566815556,2156.790283203125,1.4044209718704224,2156.790283203125
104,38.49166488647461,8.692500114440918,0.3496877971263733,2202.0654296875,1.418713092803955,2202.0654296875
105,40.220001220703125,9.03749942779541,0.3237287073752825,2208.09326171875,1.406424641609192,2208.09326171875
106,36.79833221435547,8.46583366394043,0.39413609936972654,2174.677734375,1.4160488843917847,2174.677734375
107,38.0091667175293,8.709166526794434,0.3702293178218069,2171.62158203125,1.407497763633728,2171.62158203125
108,39.119998931884766,8.72583293914795,0.3636091643057041,2166.703857421875,1.4171713590621948,2166.703857421875
109,38.03666687011719,8.588333129882812,0.3651320971836815,2205.387939453125,1.4295790195465088,2205.387939453125
110,37.39250183105469,8.666666984558105,0.32979671749901257,2163.654052734375,1.4233429431915283,2163.654052734375
111,38.70916748046875,8.730000495910645,0.3442060882322584,2120.939208984375,1.4349398612976074,2120.939208984375
112,36.27499771118164,8.25333309173584,0.34566821667627956,2186.20263671875,1.4225860834121704,2186.20263671875
113,38.61833190917969,8.727499961853027,0.3621250916159042,2186.387939453125,1.4245967864990234,2186.387939453125
114,37.654998779296875,8.537500381469727,0.3712991173943341,2202.032958984375,1.406147837638855,2202.032958984375
115,39.73666763305664,8.947500228881836,0.3257925798913511,2170.618408203125,1.4166316986083984,2170.618408203125
116,37.348331451416016,8.389166831970215,0.3540721616549106,2196.53515625,1.4350117444992065,2196.53515625
117,36.724998474121094,8.395833969116211,0.3789869818359477,2156.07275390625,1.4227687120437622,2156.07275390625
118,39.372501373291016,8.867500305175781,0.36301282988865125,2247.135009765625,1.4175909757614136,2247.135009765625
119,37.90999984741211,8.666666984558105,0.38143154796943723,2197.55322265625,1.4164667129516602,2197.55322265625
120,36.45083236694336,8.429999351501465,0.4296394061677681,2159.766845703125,1.4278030395507812,2159.766845703125
121,38.46083450317383,8.84416675567627,0.3699521656303608,2151.64990234375,1.4240086078643799,2151.64990234375
122,38.326663970947266,8.698332786560059,0.38604469129417535,2175.720458984375,1.425447702407837,2175.720458984375
123,39.503334045410156,8.789166450500488,0.34288938366726696,2197.951416015625,1.4230458736419678,2197.951416015625
124,39.44416809082031,8.957500457763672,0.3139349621312423,2228.360107421875,1.434441328048706,2228.360107421875
125,38.649166107177734,8.71500015258789,0.392681517324602,2202.67138671875,1.4390168190002441,2202.67138671875
126,38.92583084106445,8.876666069030762,0.34672191970876665,2222.350830078125,1.4166464805603027,2222.350830078125
127,38.69916915893555,8.782500267028809,0.3295059022309079,2194.61328125,1.4307233095169067,2194.61328125
128,37.294166564941406,8.417499542236328,0.3757903399491275,2200.35888671875,1.433097004890442,2200.35888671875
129,37.47666931152344,8.349166870117188,0.38700053372343046,2168.5712890625,1.4212777614593506,2168.5712890625
130,39.65416717529297,8.918333053588867,0.29396618803147906,2237.440185546875,1.4460361003875732,2237.440185546875
131,37.33250045776367,8.441666603088379,0.34197944671722824,2163.956298828125,1.4237642288208008,2163.956298828125
132,38.32833480834961,8.765832901000977,0.3395941506281817,2155.53076171875,1.4374279975891113,2155.53076171875
133,38.61333465576172,8.5625,0.33443247137316673,2199.4794921875,1.3994661569595337,2199.4794921875
134,39.56666564941406,9.182499885559082,0.3125562654350496,2201.436279296875,1.419725775718689,2201.436279296875
135,38.371665954589844,8.782500267028809,0.3500353974922882,2194.337646484375,1.4226988554000854,2194.337646484375
136,37.74333190917969,8.735833168029785,0.39466597370215906,2165.4423828125,1.4006022214889526,2165.4423828125
137,38.05500030517578,8.576666831970215,0.3354274447688429,2210.140380859375,1.4238874912261963,2210.140380859375
138,38.82500076293945,9.076666831970215,0.32466061906831195,2145.298828125,1.413824439048767,2145.298828125
139,38.81833267211914,8.957500457763672,0.3758162718944068,2157.454345703125,1.4178276062011719,2157.454345703125
140,36.38083267211914,8.525833129882812,0.44095393086971996,2182.48876953125,1.4297765493392944,2182.48876953125
141,38.258331298828125,8.810832977294922,0.3373608714609057,2180.834228515625,1.4126259088516235,2180.834228515625
142,37.831668853759766,8.575833320617676,0.36267012781907515,2186.65771484375,1.429429531097412,2186.65771484375
143,38.730003356933594,8.775833129882812,0.35572877642798006,2222.76220703125,1.430403232574463,2222.76220703125
144,39.66749954223633,9.010833740234375,0.3499097745955762,2224.785888671875,1.4250613451004028,2224.785888671875
145,36.23999786376953,8.46916675567627,0.3612605337173829,2149.13720703125,1.4239211082458496,2149.13720703125
146,37.455833435058594,8.572500228881836,0.3666122084686707,2200.590576171875,1.4247514009475708,2200.590576171875
147,38.62249755859375,8.835000038146973,0.3754040109334611,2175.707275390625,1.4247710704803467,2175.707275390625
148,37.57500076293945,8.378334045410156,0.38376973294060635,2182.96044921875,1.4255573749542236,2182.96044921875
149,38.890830993652344,8.824999809265137,0.3636173413300994,2214.589111328125,1.4150052070617676,2214.589111328125
150,37.6158332824707,8.632499694824219,0.35862990938509703,2166.8212890625,1.4038915634155273,2166.8212890625
151,39.09416961669922,8.896666526794434,0.32887059363341936,2242.502685546875,1.4136799573898315,2242.502685546875
152,38.239166259765625,8.662500381469727,0.37776157254558773,2171.1884765625,1.41439950466156,2171.1884765625
153,38.81416702270508,8.88166618347168,0.3948023775407212,2224.495849609375,1.4251103401184082,2224.495849609375
154,39.570831298828125,8.975000381469727,0.3803691072730011,2189.083984375,1.426584005355835,2189.083984375
155,38.46833419799805,8.694999694824219,0.35769222240365395,2125.0380859375,1.4314677715301514,2125.0380859375
156,38.83000183105469,8.893333435058594,0.35233986484737384,2194.472412109375,1.4291157722473145,2194.472412109375
157,39.64250183105469,8.945833206176758,0.371909893662992,2222.86376953125,1.4196959733963013,2222.86376953125
158,39.95083236694336,9.077499389648438,0.36853460469099864,2197.538330078125,1.4225695133209229,2197.538330078125
159,39.852500915527344,9.00333309173584,0.3649909680967876,2213.849365234375,1.4166446924209595,2213.849365234375
160,40.1775016784668,8.989999771118164,0.3101159595852416,2184.484619140625,1.4288321733474731,2184.484619140625
161,39.77916717529297,8.917500495910645,0.35781584594249527,2221.802978515625,1.423885464668274,2221.802978515625
162,39.040000915527344,9.091666221618652,0.29546260941751035,2188.61669921875,1.4284237623214722,2188.61669921875
163,39.11750030517578,8.970833778381348,0.37463222954698966,2202.903564453125,1.4093538522720337,2202.903564453125
164,38.2400016784668,8.77500057220459,0.3657170793449037,2201.488525390625,1.4201180934906006,2201.488525390625
165,37.60416793823242,8.439167022705078,0.34808992607411093,2178.88134765625,1.4338067770004272,2178.88134765625
166,38.78333282470703,8.920833587646484,0.414775884949099,2189.24853515625,1.445256233215332,2189.24853515625
167,38.760833740234375,8.701666831970215,0.35434088143581033,2185.988525390625,1.430967926979065,2185.988525390625
168,37.73666763305664,8.679166793823242,0.391429687310237,2203.889404296875,1.4295307397842407,2203.889404296875
169,39.019168853759766,8.895833015441895,0.3757182251473044,2233.71142578125,1.423808217048645,2233.71142578125
170,38.114166259765625,8.803333282470703,0.3507889375842317,2149.238525390625,1.4243896007537842,2149.238525390625
171,38.37666702270508,8.733333587646484,0.35979492369443566,2184.805908203125,1.4161112308502197,2184.805908203125
172,38.875,8.84749984741211,0.33592883650794686,2216.265625,1.4190208911895752,2216.265625
173,37.73416519165039,8.5,0.36616386491211866,2157.8291015625,1.4164884090423584,2157.8291015625
174,38.33749771118164,8.84416675567627,0.38588315771523785,2173.765869140625,1.403351902961731,2173.765869140625
175,36.53499984741211,8.321666717529297,0.3933545071013884,2159.93603515625,1.4376379251480103,2159.93603515625
176,37.23500061035156,8.694999694824219,0.36918604818186596,2147.3056640625,1.4189977645874023,2147.3056640625
177,39.05916976928711,8.896666526794434,0.3587233561578823,2173.481689453125,1.4291845560073853,2173.481689453125
178,38.93333435058594,8.838333129882812,0.33875126128119953,2212.97119140625,1.4279855489730835,2212.97119140625
179,38.246665954589844,8.717499732971191,0.3655952674443064,2201.17626953125,1.4179821014404297,2201.17626953125
180,38.235836029052734,8.518333435058594,0.3581510622584826,2186.552978515625,1.4286580085754395,2186.552978515625
181,38.21333312988281,8.596667289733887,0.35004710400120687,2125.94189453125,1.4318090677261353,2125.94189453125
182,36.37999725341797,8.428333282470703,0.3959621157854915,2180.166748046875,1.4333043098449707,2180.166748046875
183,40.018333435058594,8.955833435058594,0.3534372008622176,2232.40673828125,1.425032615661621,2232.40673828125
184,38.128334045410156,8.510832786560059,0.34401525490081025,2200.528564453125,1.4201819896697998,2200.528564453125
185,39.80750274658203,9.02833366394043,0.356585545994063,2217.90234375,1.4129970073699951,2217.90234375
186,38.08749771118164,8.804166793823242,0.38827827162308376,2146.5341796875,1.393401026725769,2146.5341796875
187,38.606666564941406,8.796666145324707,0.32559033441768404,2207.994140625,1.4139986038208008,2207.994140625
188,38.97249984741211,8.857500076293945,0.3181920582846849,2156.782958984375,1.4021058082580566,2156.782958984375
189,40.32666778564453,8.96583366394043,0.3217231437965188,2215.327392578125,1.4106348752975464,2215.327392578125
190,38.17000198364258,8.84749984741211,0.35262922606571656,2201.59814453125,1.4298319816589355,2201.59814453125
191,38.606666564941406,8.830833435058594,0.3751399377630263,2177.46435546875,1.4308502674102783,2177.46435546875
192,38.11166763305664,8.84749984741211,0.3534259238133028,2199.645263671875,1.4317697286605835,2199.645263671875
193,37.25083541870117,8.388333320617676,0.40808528157113333,2205.232177734375,1.4380491971969604,2205.232177734375
194,40.049163818359375,9.203333854675293,0.32833548218434655,2177.38671875,1.404194712638855,2177.38671875
195,38.130836486816406,8.584166526794434,0.37450952781209956,2169.109130859375,1.42515230178833,2169.109130859375
196,39.18083190917969,8.982500076293945,0.38715245661933595,2142.14111328125,1.390501618385315,2142.14111328125
197,38.223331451416016,8.690000534057617,0.37477206763578724,2164.704833984375,1.402988076210022,2164.704833984375
198,38.875,8.949166297912598,0.3214439339027958,2197.74365234375,1.410329818725586,2197.74365234375
199,39.14666748046875,8.96500015258789,0.39411090178387354,2216.345947265625,1.429190993309021,2216.345947265625
200,37.99416732788086,8.707500457763672,0.3578969910790235,2195.220458984375,1.4162461757659912,2195.220458984375
201,40.063331604003906,9.143333435058594,0.35248644920707906,2205.5810546875,1.4176889657974243,2205.5810546875
202,37.87583541870117,8.554166793823242,0.38158781629347505,2153.744140625,1.4317570924758911,2153.744140625
203,37.95500183105469,8.873332977294922,0.3653182937053513,2167.947021484375,1.4152171611785889,2167.947021484375
204,39.016666412353516,9.03499984741211,0.3536373116420234,2185.9501953125,1.4184894561767578,2185.9501953125
205,37.8841667175293,8.591667175292969,0.3726148172906073,2164.848876953125,1.4213138818740845,2164.848876953125
206,38.16749954223633,8.77750015258789,0.3473498982203242,2186.1982421875,1.4406797885894775,2186.1982421875
207,37.92499923706055,8.536666870117188,0.3912418362434438,2158.30517578125,1.4285345077514648,2158.30517578125
208,38.07749938964844,8.614167213439941,0.3941951333908982,2203.123046875,1.4206304550170898,2203.123046875
209,38.473331451416016,8.695833206176758,0.4015832556117654,2200.62158203125,1.4100244045257568,2200.62158203125
210,38.420833587646484,8.537500381469727,0.34743007185093483,2208.59326171875,1.4391818046569824,2208.59326171875
211,38.63833236694336,8.701666831970215,0.3864400873382342,2174.990234375,1.4236410856246948,2174.990234375
212,39.49166488647461,9.066666603088379,0.3581765260792938,2231.88525390625,1.4285359382629395,2231.88525390625
213,39.05500030517578,8.916666030883789,0.3630392031520515,2207.365478515625,1.417142629623413,2207.365478515625
214,37.106666564941406,8.421667098999023,0.37098629777242104,2164.120849609375,1.419235110282898,2164.120849609375
215,36.872501373291016,8.36833381652832,0.39967311753798207,2190.554443359375,1.4003300666809082,2190.554443359375
216,39.60916519165039,8.943333625793457,0.3402057281366663,2189.125732421875,1.421512246131897,2189.125732421875
217,37.538333892822266,8.645833015441895,0.36121180736054104,2192.5517578125,1.4083718061447144,2192.5517578125
218,39.43333435058594,8.897500038146973,0.36183657222574,2204.056640625,1.426697850227356,2204.056640625
219,39.940834045410156,9.048333168029785,0.3805639425833258,2161.043701171875,1.412930965423584,2161.043701171875
220,37.935001373291016,8.643333435058594,0.3389525345202293,2167.455810546875,1.4241796731948853,2167.455810546875
221,38.5625,8.818333625793457,0.37630321922239435,2189.1884765625,1.4390870332717896,2189.1884765625
222,38.10416793823242,8.609999656677246,0.3869919373111598,2219.962158203125,1.4263750314712524,2219.962158203125
223,38.83416748046875,8.75333309173584,0.35019256704671625,2231.182373046875,1.4016873836517334,2231.182373046875
224,37.15416717529297,8.350833892822266,0.36286629411142196,2173.208984375,1.4314515590667725,2173.208984375
225,40.41416549682617,9.074999809265137,0.31784414451732346,2180.16162109375,1.4074506759643555,2180.16162109375
226,37.419166564941406,8.535833358764648,0.4003809454928817,2180.64501953125,1.4209882020950317,2180.64501953125
227,39.060001373291016,8.938333511352539,0.3241343681299288,2164.70654296875,1.4216173887252808,2164.70654296875
228,41.08333206176758,9.640832901000977,0.374670000049515,2201.197021484375,1.4105172157287598,2201.197021484375
229,38.130001068115234,8.86500072479248,0.3574419795489004,2170.572265625,1.4138184785842896,2170.572265625
230,38.81166458129883,8.795000076293945,0.34864097408828704,2168.13134765625,1.4180606603622437,2168.13134765625
231,38.94166564941406,8.654167175292969,0.37635947800927827,2179.163818359375,1.4438576698303223,2179.163818359375
232,39.30833435058594,9.13499927520752,0.41869376551133153,2147.793212890625,1.4082976579666138,2147.793212890625
233,38.630001068115234,8.789999961853027,0.33019287948220477,2172.908447265625,1.4151064157485962,2172.908447265625
234,40.43083190917969,9.226666450500488,0.35500478694946114,2200.98046875,1.4280421733856201,2200.98046875
235,38.837501525878906,8.827500343322754,0.3364314736694559,2198.779541015625,1.4221885204315186,2198.779541015625
236,37.860836029052734,8.661666870117188,0.3756641544236068,2143.06884765625,1.4331810474395752,2143.06884765625
237,38.625,8.805000305175781,0.37745145491607857,2182.436767578125,1.416664719581604,2182.436767578125
238,37.38833236694336,8.369166374206543,0.35544984600047075,2153.8603515625,1.4135595560073853,2153.8603515625
239,38.464168548583984,8.772500038146973,0.3162778542856274,2164.654296875,1.4136497974395752,2164.654296875
240,37.48416519165039,8.634166717529297,0.33578543876007805,2186.834716796875,1.4206006526947021,2186.834716796875
241,38.02916717529297,8.464166641235352,0.37769420618162675,2179.4443359375,1.423537254333496,2179.4443359375
242,37.10750198364258,8.418333053588867,0.37524876982132416,2201.569091796875,1.4216508865356445,2201.569091796875
243,37.90250015258789,8.676667213439941,0.3644219449542564,2144.469482421875,1.4169843196868896,2144.469482421875
244,37.69416809082031,8.464166641235352,0.3884684278979842,2186.10546875,1.4514307975769043,2186.10546875
245,38.044166564941406,8.607500076293945,0.37997974844743454,2192.205078125,1.4409849643707275,2192.205078125
246,38.17583465576172,8.6274995803833,0.3295192709295147,2200.274169921875,1.4151368141174316,2200.274169921875
247,37.85416793823242,8.736666679382324,0.3740422034128375,2161.428955078125,1.4147539138793945,2161.428955078125
248,36.208335876464844,8.191666603088379,0.3566049802670977,2169.1416015625,1.418277621269226,2169.1416015625
249,37.49916458129883,8.5,0.36155892871790085,2173.69287109375,1.4170048236846924,2173.69287109375
250,39.4716682434082,9.147500038146973,0.33136464952693007,2197.640380859375,1.4137966632843018,2197.640380859375
251,38.060001373291016,8.599166870117188,0.3684233952525039,2188.068359375,1.415034532546997,2188.068359375
252,39.349998474121094,9.016666412353516,0.35997962975645537,2178.384033203125,1.4207680225372314,2178.384033203125
253,37.770835876464844,8.584166526794434,0.35369439275257997,2202.23828125,1.4174320697784424,2202.23828125
254,37.79916763305664,8.574167251586914,0.3649246291427568,2179.37744140625,1.431713581085205,2179.37744140625
255,38.79500198364258,8.88166618347168,0.4110818541442378,2189.970458984375,1.422081708908081,2189.970458984375
256,38.83000183105469,8.87833309173584,0.32424894937411763,2163.27099609375,1.4193919897079468,2163.27099609375
257,36.269168853759766,8.329166412353516,0.37673189243325844,2135.867919921875,1.4255074262619019,2135.867919921875
258,39.54249954223633,8.936666488647461,0.34970272426753735,2173.57958984375,1.4285956621170044,2173.57958984375
259,38.624168395996094,8.731666564941406,0.34397658948711163,2174.97900390625,1.429923415184021,2174.97900390625
260,37.811668395996094,8.648333549499512,0.3674086606707946,2178.66455078125,1.4178907871246338,2178.66455078125
261,36.385833740234375,8.369999885559082,0.4296412805952191,2207.25048828125,1.4195563793182373,2207.25048828125
262,37.752498626708984,8.640832901000977,0.35479564816383613,2204.376708984375,1.419124960899353,2204.376708984375
263,37.525001525878906,8.353333473205566,0.3982849313323419,2188.29150390625,1.4332022666931152,2188.29150390625
264,36.32499694824219,8.28083324432373,0.424286820000501,2185.298583984375,1.4419114589691162,2185.298583984375
265,38.92000198364258,8.686666488647461,0.373039713167733,2208.3349609375,1.4282078742980957,2208.3349609375
266,36.6683349609375,8.375833511352539,0.38109953774469085,2175.03125,1.421040415763855,2175.03125
267,38.36249923706055,8.698332786560059,0.39080999256449767,2181.70068359375,1.4264912605285645,2181.70068359375
268,39.99916458129883,9.058333396911621,0.349736984477907,2229.759033203125,1.4116291999816895,2229.759033203125
269,37.899166107177734,8.661666870117188,0.37812191242776294,2171.8095703125,1.4253145456314087,2171.8095703125
270,37.108333587646484,8.21916675567627,0.35744723697382697,2177.797119140625,1.4204164743423462,2177.797119140625
271,38.69499969482422,8.730833053588867,0.37522048780428463,2235.10302734375,1.428072452545166,2235.10302734375
272,38.09333419799805,8.822500228881836,0.33459706962978464,2202.82177734375,1.4084231853485107,2202.82177734375
273,37.17333221435547,8.455833435058594,0.3252062551524567,2178.06689453125,1.4100735187530518,2178.06689453125
274,39.55999755859375,9.076666831970215,0.35170399583939355,2203.615234375,1.416907787322998,2203.615234375
275,38.336666107177734,8.651666641235352,0.38284190344330227,2186.161376953125,1.439772129058838,2186.161376953125
276,38.59833526611328,8.855833053588867,0.3677649229334964,2165.094970703125,1.4182233810424805,2165.094970703125
277,37.28750228881836,8.299999237060547,0.3950959373639536,2146.773193359375,1.4256863594055176,2146.773193359375
278,38.04999923706055,8.665833473205566,0.3854565399594036,2213.598388671875,1.436704397201538,2213.598388671875
279,40.47083282470703,9.126667022705078,0.34983600518393987,2178.220703125,1.4046928882598877,2178.220703125
280,38.57583236694336,8.707500457763672,0.36299460764424407,2199.231201171875,1.4120866060256958,2199.231201171875
281,38.47249984741211,8.78499984741211,0.32573809839732515,2175.398193359375,1.425708532333374,2175.398193359375
282,38.72249984741211,8.761666297912598,0.3573499847133417,2187.59375,1.414440631866455,2187.59375
283,39.462501525878906,9.021666526794434,0.36392980250153295,2197.685546875,1.4179527759552002,2197.685546875
284,40.50166702270508,9.4350004196167,0.31945119209218703,2204.9921875,1.4138365983963013,2204.9921875
285,38.74833297729492,8.842500686645508,0.3605764909088716,2190.92919921875,1.4108988046646118,2190.92919921875
286,38.45000076293945,8.630000114440918,0.3669182101155998,2218.8232421875,1.431754469871521,2218.8232421875
287,38.19499969482422,8.563332557678223,0.3339227332676502,2164.587158203125,1.4303058385849,2164.587158203125
288,39.57666778564453,9.03083324432373,0.3720327607509904,2200.939697265625,1.4196146726608276,2200.939697265625
289,38.09333419799805,8.717499732971191,0.3496401585432213,2185.44189453125,1.4335964918136597,2185.44189453125
290,38.330833435058594,8.635000228881836,0.34502196665062534,2157.41796875,1.4120806455612183,2157.41796875
291,38.766666412353516,8.720000267028809,0.3749467686695904,2209.954833984375,1.4115711450576782,2209.954833984375
292,39.40583419799805,8.9375,0.3558629867440638,2192.4521484375,1.4297469854354858,2192.4521484375
293,38.5,8.786666870117188,0.3282852225639372,2181.250732421875,1.405815839767456,2181.250732421875
294,37.76333236694336,8.620833396911621,0.40879107344303534,2210.8291015625,1.42412269115448,2210.8291015625
295,37.7400016784668,8.763333320617676,0.3414044300265679,2133.11181640625,1.415027379989624,2133.11181640625
296,39.53166580200195,8.957500457763672,0.3501122171463481,2195.756591796875,1.4117282629013062,2195.756591796875
297,37.98749923706055,8.563332557678223,0.3754433395321368,2193.001953125,1.4027674198150635,2193.001953125
298,37.50166702270508,8.480833053588867,0.36544493123938476,2172.812744140625,1.4461110830307007,2172.812744140625
299,37.912498474121094,8.566666603088379,0.3638441905642033,2224.2314453125,1.4255818128585815,2224.2314453125
300,38.22500228881836,8.720832824707031,0.3378942913723165,2169.9462890625,1.4329427480697632,2169.9462890625
301,39.942501068115234,8.927499771118164,0.37907610852352047,2213.75,1.4292936325073242,2213.75
302,39.14833450317383,8.860833168029785,0.3663116535552584,2202.5537109375,1.4003536701202393,2202.5537109375
303,38.53499984741211,8.854166030883789,0.36319282503455264,2150.779296875,1.4126837253570557,2150.779296875
304,39.82666778564453,8.90583324432373,0.355361875584317,2238.294921875,1.399885654449463,2238.294921875
305,38.10499954223633,8.682499885559082,0.33975538698866825,2187.22021484375,1.4052577018737793,2187.22021484375
306,38.82833480834961,8.787500381469727,0.3611174487834523,2209.020751953125,1.4239962100982666,2209.020751953125
307,39.209999084472656,8.84416675567627,0.34177636398688105,2223.073486328125,1.4166836738586426,2223.073486328125
308,39.00833511352539,9.119166374206543,0.36615423741002995,2179.13330078125,1.4082049131393433,2179.13330078125
309,37.68333053588867,8.640000343322754,0.376641610655292,2194.935546875,1.40733003616333,2194.935546875
310,38.666664123535156,8.814166069030762,0.39658532627009846,2165.122802734375,1.4228358268737793,2165.122802734375
311,38.76000213623047,8.500833511352539,0.357583386213722,2203.0810546875,1.4361462593078613,2203.0810546875
312,38.454166412353516,8.845833778381348,0.3416384466872521,2208.221923828125,1.4276474714279175,2208.221923828125
313,37.95916748046875,8.670832633972168,0.41085415996502356,2204.574462890625,1.4135868549346924,2204.574462890625
314,38.3841667175293,8.765832901000977,0.3877882060906523,2188.34912109375,1.4216715097427368,2188.34912109375
315,37.38833236694336,8.617500305175781,0.4075915229590684,2158.470703125,1.4340131282806396,2158.470703125
316,37.223331451416016,8.438333511352539,0.3926573673164081,2169.428955078125,1.417226791381836,2169.428955078125
317,37.76583480834961,8.431666374206543,0.33597818535182356,2134.7041015625,1.4217150211334229,2134.7041015625
318,38.994998931884766,9.114166259765625,0.33821536797076196,2197.65869140625,1.405167579650879,2197.65869140625
319,36.19333267211914,8.395833969116211,0.3599861214148982,2191.142333984375,1.4205588102340698,2191.142333984375
320,39.426666259765625,9.058333396911621,0.3686713995482663,2210.84228515625,1.4205988645553589,2210.84228515625
321,39.45916748046875,8.770833015441895,0.36227840937605327,2200.3564453125,1.4054715633392334,2200.3564453125
322,39.90333557128906,9.06916618347168,0.367366378152649,2200.19384765625,1.4255911111831665,2200.19384765625
323,38.15749740600586,8.552499771118164,0.3815888458350002,2158.581787109375,1.4209226369857788,2158.581787109375
324,38.94416809082031,8.811666488647461,0.387176594597534,2178.913818359375,1.4229915142059326,2178.913818359375
325,38.200836181640625,8.34749984741211,0.36290130375548135,2197.493408203125,1.442632794380188,2197.493408203125
326,39.95750045776367,9.129166603088379,0.3227688540611328,2205.294189453125,1.4283695220947266,2205.294189453125
327,39.244998931884766,8.93083381652832,0.34412126782355945,2211.1533203125,1.419967770576477,2211.1533203125
328,38.90166473388672,8.762499809265137,0.3833166912272473,2188.523681640625,1.410422444343567,2188.523681640625
329,38.020835876464844,8.611666679382324,0.38673052682738734,2189.823974609375,1.4312775135040283,2189.823974609375
330,38.477500915527344,8.720832824707031,0.40684064527709507,2140.99853515625,1.411131501197815,2140.99853515625
331,38.749168395996094,8.850000381469727,0.3085354742543966,2161.8701171875,1.4191561937332153,2161.8701171875
332,38.59666442871094,8.860833168029785,0.3629788608500544,2168.168701171875,1.423555612564087,2168.168701171875
333,39.73749923706055,9.14916706085205,0.37839219989015493,2221.09228515625,1.39642333984375,2221.09228515625
334,39.49833297729492,8.865833282470703,0.3553184801963319,2231.070556640625,1.427248477935791,2231.070556640625
335,39.282501220703125,8.886666297912598,0.35415073332644886,2198.28125,1.425459861755371,2198.28125
336,36.570831298828125,8.431666374206543,0.39950659565060254,2158.428955078125,1.4297661781311035,2158.428955078125
337,37.60166931152344,8.37166690826416,0.40814546339573843,2207.3935546875,1.43027925491333,2207.3935546875
338,37.005001068115234,8.427499771118164,0.3971153833021278,2181.041748046875,1.4332897663116455,2181.041748046875
339,38.660831451416016,8.618332862854004,0.3801317111845551,2197.194091796875,1.4299404621124268,2197.194091796875
340,37.788333892822266,8.704999923706055,0.3610430570696225,2164.1611328125,1.4293596744537354,2164.1611328125
341,38.029998779296875,8.706666946411133,0.38947678703925764,2189.643310546875,1.4382752180099487,2189.643310546875
342,40.543331146240234,9.292499542236328,0.3496325033370164,2198.003662109375,1.4236479997634888,2198.003662109375
343,38.73249816894531,8.717499732971191,0.3580845094213135,2198.485107421875,1.4260852336883545,2198.485107421875
344,37.77166748046875,8.631667137145996,0.3916977392249613,2191.61865234375,1.4287906885147095,2191.61865234375
345,38.220001220703125,8.72249984741211,0.3570981371396357,2193.466552734375,1.4281322956085205,2193.466552734375
346,38.06666564941406,8.760000228881836,0.3306140752518652,2158.685791015625,1.429252028465271,2158.685791015625
347,39.37333297729492,8.869999885559082,0.3806122827392856,2231.072509765625,1.4107812643051147,2231.072509765625
348,37.628334045410156,8.604166984558105,0.36689614770963874,2179.298828125,1.4054124355316162,2179.298828125
349,38.57500076293945,8.588333129882812,0.3713965717241011,2191.91064453125,1.427231788635254,2191.91064453125
350,36.604164123535156,8.282499313354492,0.334543703627809,2163.2646484375,1.4322398900985718,2163.2646484375
351,38.25666427612305,8.695833206176758,0.32456810134621794,2178.7822265625,1.429051399230957,2178.7822265625
352,38.621665954589844,8.755833625793457,0.38757911225889347,2182.656005859375,1.4309388399124146,2182.656005859375
353,37.85166931152344,8.414999961853027,0.3587655482730998,2213.277587890625,1.4359607696533203,2213.277587890625
354,39.788333892822266,8.862500190734863,0.31104970805684595,2194.7529296875,1.4310863018035889,2194.7529296875
355,39.22666549682617,9.07249927520752,0.3522536962265592,2208.304443359375,1.4227912425994873,2208.304443359375
356,38.33500289916992,8.553333282470703,0.37637601991117364,2217.54638671875,1.4197500944137573,2217.54638671875
357,38.003334045410156,8.658332824707031,0.3829843344617947,2195.84033203125,1.433700680732727,2195.84033203125
358,39.140830993652344,8.735833168029785,0.40882108840602055,2230.439697265625,1.4339382648468018,2230.439697265625
359,37.65083312988281,8.59416675567627,0.37492224013133,2191.989501953125,1.418768048286438,2191.989501953125
360,37.16083526611328,8.579999923706055,0.344359298792994,2163.87451171875,1.440468430519104,2163.87451171875
361,38.56416702270508,8.923333168029785,0.34950727080833216,2231.647216796875,1.4130187034606934,2231.647216796875
362,37.35750198364258,8.52416706085205,0.3624689617943021,2181.480224609375,1.4195425510406494,2181.480224609375
363,38.295833587646484,8.695833206176758,0.3152052855004679,2180.69287109375,1.4252636432647705,2180.69287109375
364,37.651668548583984,8.733333587646484,0.3492358940364537,2162.63720703125,1.4254690408706665,2162.63720703125
365,38.88666534423828,8.832500457763672,0.3361396884196086,2203.197509765625,1.4240041971206665,2203.197509765625
366,40.095001220703125,9.0,0.32358320173827604,2213.816162109375,1.4094159603118896,2213.816162109375
367,38.41083526611328,8.930000305175781,0.3445116987350685,2156.145263671875,1.407818078994751,2156.145263671875
368,38.3224983215332,8.810832977294922,0.37077214101239986,2153.0595703125,1.4253722429275513,2153.0595703125
369,37.43083572387695,8.555832862854004,0.3836009339438612,2181.770263671875,1.422821044921875,2181.770263671875
370,38.18166732788086,8.460833549499512,0.4287896375114083,2220.035400390625,1.4151721000671387,2220.035400390625
371,38.10333251953125,8.675000190734863,0.34472037196390515,2165.64404296875,1.440553903579712,2165.64404296875
372,38.6875,8.810832977294922,0.40107248144913543,2202.88671875,1.4025118350982666,2202.88671875
373,38.75166702270508,8.820833206176758,0.32810749703179265,2183.422119140625,1.4120981693267822,2183.422119140625
374,37.627498626708984,8.479999542236328,0.3553532774463062,2143.47802734375,1.4172906875610352,2143.47802734375
375,37.55833053588867,8.420000076293945,0.3618588586274818,2225.213623046875,1.4135538339614868,2225.213623046875
376,38.80083084106445,8.699999809265137,0.35129416523107787,2183.29541015625,1.4278680086135864,2183.29541015625
377,39.092498779296875,8.857500076293945,0.349150920060862,2195.2705078125,1.4245275259017944,2195.2705078125
378,40.09749984741211,9.170000076293945,0.3288067829144782,2214.0146484375,1.4102985858917236,2214.0146484375
379,38.503334045410156,8.803333282470703,0.3229622029415798,2184.61474609375,1.4095993041992188,2184.61474609375
380,39.005001068115234,8.833333015441895,0.3728360145354678,2218.91943359375,1.4342697858810425,2218.91943359375
381,37.832496643066406,8.46583366394043,0.3847958879929537,2159.776611328125,1.4359105825424194,2159.776611328125
382,39.52583312988281,8.72583293914795,0.32453153286868913,2209.316650390625,1.445889949798584,2209.316650390625
383,40.49333190917969,9.136666297912598,0.34872670709728826,2242.718017578125,1.424904704093933,2242.718017578125
384,38.77750015258789,8.768333435058594,0.38233958953710545,2234.35400390625,1.4165043830871582,2234.35400390625
385,39.20333480834961,8.982500076293945,0.3528305197426076,2178.859619140625,1.3913837671279907,2178.859619140625
386,38.74250030517578,8.750833511352539,0.37773978773768724,2197.7177734375,1.425394892692566,2197.7177734375
387,38.5625,8.546667098999023,0.3407123118852099,2207.978759765625,1.412848949432373,2207.978759765625
388,39.377498626708984,9.054999351501465,0.34825896848941473,2190.86279296875,1.418739676475525,2190.86279296875
389,38.89500045776367,8.964166641235352,0.3106869741173309,2203.218505859375,1.4236217737197876,2203.218505859375
390,37.75,8.56583309173584,0.4036342367013285,2179.175048828125,1.4299988746643066,2179.175048828125
391,38.08333206176758,8.791666030883789,0.3554136013839786,2153.78466796875,1.3997185230255127,2153.78466796875
392,37.97916793823242,8.639166831970215,0.3399081997018012,2188.161865234375,1.4225319623947144,2188.161865234375
393,37.455833435058594,8.532500267028809,0.4011277758445958,2155.0693359375,1.4134750366210938,2155.0693359375
394,38.55000305175781,8.657500267028809,0.40739204555922603,2163.522216796875,1.430639386177063,2163.522216796875
395,37.00250244140625,8.495833396911621,0.38031962338533726,2196.21533203125,1.4146373271942139,2196.21533203125
396,38.524166107177734,8.806666374206543,0.3901419100729527,2159.212646484375,1.414994716644287,2159.212646484375
397,39.4658317565918,9.047499656677246,0.3683143126887021,2175.229248046875,1.4215764999389648,2175.229248046875
398,38.086666107177734,8.995833396911621,0.37782971872665244,2159.6513671875,1.4131444692611694,2159.6513671875
399,38.59000015258789,8.831665992736816,0.36911305747908973,2169.328857421875,1.4188964366912842,2169.328857421875
400,37.829166412353516,8.53499984741211,0.3502748570606863,2198.78076171875,1.4334453344345093,2198.78076171875
401,38.2308349609375,8.654167175292969,0.398596376633222,2208.171630859375,1.4122337102890015,2208.171630859375
402,39.586666107177734,8.997499465942383,0.34388251825233007,2234.595947265625,1.4225537776947021,2234.595947265625
403,37.76499938964844,8.519166946411133,0.3815301852724228,2142.455078125,1.4101474285125732,2142.455078125
404,39.654998779296875,9.047499656677246,0.33873702455079635,2180.34033203125,1.3986477851867676,2180.34033203125
405,34.95249938964844,8.050833702087402,0.41579509582557395,2148.409423828125,1.4202483892440796,2148.409423828125
406,39.247501373291016,8.77750015258789,0.3552258598845692,2242.012939453125,1.427055835723877,2242.012939453125
407,36.37750244140625,8.370833396911621,0.41925009089111065,2176.500244140625,1.4077341556549072,2176.500244140625
408,37.788333892822266,8.673333168029785,0.35530267211770267,2184.36962890625,1.4245549440383911,2184.36962890625
409,38.665000915527344,8.891666412353516,0.36252800288707143,2186.64453125,1.3994266986846924,2186.64453125
410,38.79750061035156,8.845000267028809,0.3560956757639906,2181.98193359375,1.424243688583374,2181.98193359375
411,39.01000213623047,8.825833320617676,0.37528742115952185,2224.515625,1.4240189790725708,2224.515625
412,38.13999938964844,8.761666297912598,0.3510170648895882,2189.433837890625,1.4255471229553223,2189.433837890625
413,38.826663970947266,8.766666412353516,0.39491698340400183,2194.90283203125,1.4044709205627441,2194.90283203125
414,37.810001373291016,8.534167289733887,0.3615039349992687,2216.646240234375,1.4179502725601196,2216.646240234375
415,39.35333251953125,8.952500343322754,0.3598665377823066,2196.521484375,1.423005223274231,2196.521484375
416,38.2408332824707,8.748332977294922,0.38622084393989253,2194.36474609375,1.4189565181732178,2194.36474609375
417,39.06416702270508,9.03499984741211,0.3498088395390603,2180.512939453125,1.4255242347717285,2180.512939453125
418,38.897499084472656,8.876666069030762,0.3543754087904025,2162.934814453125,1.4224419593811035,2162.934814453125
419,38.71916580200195,8.863333702087402,0.35104397632398576,2202.53759765625,1.411928653717041,2202.53759765625
420,39.0525016784668,9.0,0.32813770850406365,2212.566162109375,1.4053034782409668,2212.566162109375
421,39.00833511352539,8.808333396911621,0.36367695513923726,2197.859375,1.4260225296020508,2197.859375
422,40.61916732788086,9.248332977294922,0.3455749143993042,2229.3671875,1.4113277196884155,2229.3671875
423,38.538333892822266,8.69333267211914,0.3360855812557594,2182.84130859375,1.427866816520691,2182.84130859375
424,37.67333221435547,8.669166564941406,0.35948998932425025,2201.1650390625,1.4168213605880737,2201.1650390625
425,39.44750213623047,8.895000457763672,0.36121529770549077,2196.192626953125,1.4351106882095337,2196.192626953125
426,37.47666931152344,8.493332862854004,0.3862200457193926,2181.05078125,1.4158002138137817,2181.05078125
427,37.77000045776367,8.60083293914795,0.36183984157809723,2174.228759765625,1.4303877353668213,2174.228759765625
428,38.77750015258789,8.80250072479248,0.309561903309456,2195.904541015625,1.4404821395874023,2195.904541015625
429,38.589168548583984,8.737500190734863,0.3419394115513649,2208.87353515625,1.4093433618545532,2208.87353515625
430,40.040000915527344,9.104166984558105,0.3318236769082695,2228.2490234375,1.4189668893814087,2228.2490234375
431,36.62083435058594,8.320833206176758,0.34772326682574206,2150.149169921875,1.413305401802063,2150.149169921875
432,38.20916748046875,8.975000381469727,0.37179391414039986,2177.60107421875,1.413665533065796,2177.60107421875
433,37.75416564941406,8.671667098999023,0.3912407548145109,2176.411865234375,1.4195034503936768,2176.411865234375
434,37.75749969482422,8.680000305175781,0.3637156487700475,2176.75146484375,1.4254248142242432,2176.75146484375
435,39.05583190917969,8.829166412353516,0.31479905451378976,2215.614013671875,1.4330357313156128,2215.614013671875
436,38.48833465576172,8.683333396911621,0.34700174584612475,2174.177734375,1.4144150018692017,2174.177734375
437,37.37333297729492,8.47499942779541,0.3404402320501091,2151.823486328125,1.4250426292419434,2151.823486328125
438,37.99583435058594,8.506667137145996,0.3365117013276848,2196.046142578125,1.4105136394500732,2196.046142578125
439,38.09333419799805,8.480833053588867,0.38987885768951536,2214.022216796875,1.4273262023925781,2214.022216796875
440,39.68833541870117,9.22249984741211,0.3418828302591488,2190.71240234375,1.4157371520996094,2190.71240234375
441,38.063331604003906,8.81916618347168,0.3715594483639406,2170.346923828125,1.4118095636367798,2170.346923828125
442,38.537498474121094,8.606666564941406,0.375467900525613,2209.7119140625,1.4277100563049316,2209.7119140625
443,38.01499938964844,8.766666412353516,0.3476415971571569,2140.882568359375,1.4159903526306152,2140.882568359375
444,38.28666687011719,8.720832824707031,0.3657656483376622,2197.30615234375,1.427733302116394,2197.30615234375
445,40.27499771118164,9.154167175292969,0.3726654357758853,2225.001220703125,1.402929663658142,2225.001220703125
446,40.2216682434082,8.915833473205566,0.3439493538915492,2181.222900390625,1.4128433465957642,2181.222900390625
447,38.364166259765625,8.602499961853027,0.37916851640506066,2199.123291015625,1.399286150932312,2199.123291015625
448,39.782501220703125,9.11833381652832,0.36652142186452574,2167.189697265625,1.4221253395080566,2167.189697265625
449,39.09666442871094,8.863333702087402,0.3665963107692728,2199.228759765625,1.4204421043395996,2199.228759765625
450,40.356666564941406,9.108333587646484,0.31971483121916067,2228.230712890625,1.414104700088501,2228.230712890625
451,40.189998626708984,9.157499313354492,0.37601919468873,2210.002197265625,1.4272280931472778,2210.002197265625
452,39.22249984741211,8.864166259765625,0.33123617582492443,2210.844970703125,1.4091179370880127,2210.844970703125
453,37.03083419799805,8.476666450500488,0.3869258819082624,2193.50830078125,1.4208745956420898,2193.50830078125
454,40.26499938964844,9.200833320617676,0.35208365299912914,2220.837890625,1.4146230220794678,2220.837890625
455,37.7400016784668,8.676667213439941,0.3846766590982402,2179.3046875,1.4179874658584595,2179.3046875
456,38.20750045776367,8.574999809265137,0.35787072831905564,2181.04541015625,1.4095815420150757,2181.04541015625
457,36.32666778564453,8.189166069030762,0.37061950930362103,2158.87451171875,1.4195514917373657,2158.87451171875
458,37.23416519165039,8.296666145324707,0.3747565420950755,2195.4423828125,1.4230519533157349,2195.4423828125
459,37.459999084472656,8.460000038146973,0.35404340587556477,2170.600830078125,1.424054741859436,2170.600830078125
460,39.36916732788086,8.841666221618652,0.3855362392377687,2202.74365234375,1.4212069511413574,2202.74365234375
461,38.734169006347656,8.640000343322754,0.3746375391491814,2189.3369140625,1.421022653579712,2189.3369140625
462,37.71249771118164,8.518333435058594,0.3893532580330037,2176.26220703125,1.4131978750228882,2176.26220703125
463,39.095001220703125,8.885833740234375,0.37730702572899366,2234.04833984375,1.4281936883926392,2234.04833984375
464,37.40833282470703,8.4375,0.3529209991618487,2165.523681640625,1.4236971139907837,2165.523681640625
465,38.518333435058594,8.682499885559082,0.34142183340911136,2211.381591796875,1.4165323972702026,2211.381591796875
466,38.84583282470703,8.595832824707031,0.3627791281572941,2202.642578125,1.4151103496551514,2202.642578125
467,38.91166687011719,8.697500228881836,0.3880580494690538,2219.814208984375,1.4244073629379272,2219.814208984375
468,38.06416702270508,8.855833053588867,0.36591046059342414,2183.399169921875,1.4216264486312866,2183.399169921875
469,37.371665954589844,8.536666870117188,0.3561424932489261,2162.54052734375,1.4338806867599487,2162.54052734375
470,38.541664123535156,8.602499961853027,0.37749735929143835,2266.34765625,1.420986294746399,2266.34765625
471,39.44999694824219,8.785833358764648,0.3563978606940392,2199.434326171875,1.4143991470336914,2199.434326171875
472,37.459999084472656,8.667500495910645,0.3569829211337811,2222.10205078125,1.4204481840133667,2222.10205078125
473,38.22749710083008,8.601667404174805,0.35820497335630325,2184.74169921875,1.4309333562850952,2184.74169921875
474,39.356666564941406,8.895833015441895,0.3907348376384878,2232.134033203125,1.439056396484375,2232.134033203125
475,39.544166564941406,9.05583381652832,0.3845473830557328,2290.0595703125,1.418792724609375,2290.0595703125
476,39.25166702270508,8.839166641235352,0.35721152920318333,2164.38232421875,1.4072928428649902,2164.38232421875
477,38.55249786376953,8.893333435058594,0.34298337520541294,2211.095703125,1.4181764125823975,2211.095703125
478,38.89249801635742,8.803333282470703,0.3412131852576182,2192.41357421875,1.414340615272522,2192.41357421875
479,37.185001373291016,8.610833168029785,0.39460032294004305,2198.10302734375,1.423208236694336,2198.10302734375
480,36.067501068115234,8.033332824707031,0.4185885591109221,2185.277099609375,1.4362343549728394,2185.277099609375
481,40.01499938964844,8.939166069030762,0.36542963800368733,2210.26220703125,1.4237821102142334,2210.26220703125
482,38.26250076293945,8.664167404174805,0.37244805326111313,2166.872314453125,1.4131876230239868,2166.872314453125
483,39.496665954589844,8.848333358764648,0.3282907564916031,2178.3857421875,1.4157036542892456,2178.3857421875
484,39.89083480834961,8.988333702087402,0.32441247902657017,2173.2705078125,1.437875509262085,2173.2705078125
