0,1.9402778148651123,2.3677778244018555,0.5561015813590551,2.56282639503479,1.471811294555664,2.56282639503479,8.615184924565256e-06
1,0.0,0.0,0.2499999925494193,2.650125741958618,1.501258373260498,2.650125741958618,8.615184924565256e-06
2,0.0,0.0,0.2499999925494193,2.648177146911621,1.4817721843719482,2.648177146911621,8.615184924565256e-06
3,0.0,0.0,0.2499999925494193,2.6448991298675537,1.448991060256958,2.6448991298675537,8.615184924565256e-06
4,0.0,0.0,0.2499999925494193,2.643038272857666,1.4303816556930542,2.643038272857666,8.615184924565256e-06
5,0.0,0.0,0.2499999925494193,2.6404480934143066,1.40447998046875,2.6404480934143066,8.615184924565256e-06
6,0.0,0.0,0.2499999925494193,2.6385583877563477,1.3855831623077393,2.6385583877563477,8.615184924565256e-06
7,0.0,0.0,0.2499999925494193,2.637028217315674,1.3702830076217651,2.637028217315674,8.615184924565256e-06
8,0.0,0.0,0.2499999925494193,2.635662317276001,1.3566237688064575,2.635662317276001,8.615184924565256e-06
9,0.0,0.0,0.2499999925494193,2.6337788105010986,1.3377878665924072,2.6337788105010986,8.615184924565256e-06
10,0.0,0.0,0.2499999925494193,2.629251480102539,1.2925150394439697,2.629251480102539,8.615184924565256e-06
11,0.0,0.0,0.2499999925494193,2.6288113594055176,1.2881147861480713,2.6288113594055176,8.615184924565256e-06
12,0.0,0.0,0.2499999925494193,2.6277337074279785,1.2773363590240479,2.6277337074279785,8.615184924565256e-06
13,0.0,0.0,0.2499999925494193,2.6256356239318848,1.2563550472259521,2.6256356239318848,8.615184924565256e-06
14,0.0,0.0,0.2499999925494193,2.6239283084869385,1.2392829656600952,2.6239283084869385,8.615184924565256e-06
15,0.0,0.0,0.2499999925494193,2.6227009296417236,1.2270091772079468,2.6227009296417236,8.615184924565256e-06
16,0.0,0.0,0.2499999925494193,2.620426893234253,1.204268455505371,2.620426893234253,8.615184924565256e-06
17,0.0,0.0,0.2499999925494193,2.620720863342285,1.2072076797485352,2.620720863342285,8.615184924565256e-06
18,0.0,0.0,0.2499999925494193,2.618372678756714,1.183727502822876,2.618372678756714,8.615184924565256e-06
19,0.0,0.0,0.2499999925494193,2.61495041847229,1.1495051383972168,2.61495041847229,8.615184924565256e-06
20,0.0,0.0,0.2499999925494193,2.6162142753601074,1.1621439456939697,2.6162142753601074,8.615184924565256e-06
21,0.0,0.0,0.2499999925494193,2.6145195960998535,1.1451969146728516,2.6145195960998535,8.615184924565256e-06
22,0.0,0.0,0.2499999925494193,2.6126019954681396,1.126020908355713,2.6126019954681396,8.615184924565256e-06
23,0.0,0.0,0.2499999925494193,2.613300323486328,1.1330033540725708,2.613300323486328,8.615184924565256e-06
24,0.0,0.0,0.2499999925494193,2.610396146774292,1.1039621829986572,2.610396146774292,8.615184924565256e-06
25,0.0,0.0,0.2499999925494193,2.6089284420013428,1.0892843008041382,2.6089284420013428,8.615184924565256e-06
26,0.0,0.0,0.2499999925494193,2.6085758209228516,1.0857573747634888,2.6085758209228516,8.615184924565256e-06
27,0.0,0.0,0.2499999925494193,2.6071276664733887,1.0712778568267822,2.6071276664733887,8.615184924565256e-06
28,0.0,0.0,0.2499999925494193,2.6047286987304688,1.047287940979004,2.6047286987304688,8.615184924565256e-06
29,0.0,0.0,0.2499999925494193,2.6067683696746826,1.0676841735839844,2.6067683696746826,8.615184924565256e-06
30,0.0,0.0,0.2499999925494193,2.604764223098755,1.0476431846618652,2.604764223098755,8.615184924565256e-06
31,0.0,0.0,0.2499999925494193,2.6027772426605225,1.0277726650238037,2.6027772426605225,8.615184924565256e-06
32,0.0,0.0,0.2499999925494193,2.6026461124420166,1.026460886001587,2.6026461124420166,8.615184924565256e-06
33,0.0,0.0,0.2499999925494193,2.599515438079834,0.9951555728912354,2.599515438079834,8.615184924565256e-06
34,0.0,0.0,0.2499999925494193,2.5984139442443848,0.9841390252113342,2.5984139442443848,8.615184924565256e-06
35,0.0,0.0,0.2499999925494193,2.5965330600738525,0.9653303623199463,2.5965330600738525,8.615184924565256e-06
36,0.0,0.0,0.2499999925494193,2.5974838733673096,0.9748396277427673,2.5974838733673096,8.615184924565256e-06
37,0.0,0.0,0.2499999925494193,2.5979981422424316,0.9799810647964478,2.5979981422424316,8.615184924565256e-06
38,0.0,0.0,0.2499999925494193,2.5943613052368164,0.9436127543449402,2.5943613052368164,8.615184924565256e-06
39,0.0,0.0,0.2499999925494193,2.5958962440490723,0.9589613676071167,2.5958962440490723,8.615184924565256e-06
40,0.0,0.0,0.2499999925494193,2.59633207321167,0.9633207321166992,2.59633207321167,8.615184924565256e-06
41,0.0,0.0,0.2499999925494193,2.592527151107788,0.9252709150314331,2.592527151107788,8.615184924565256e-06
42,0.0,0.0,0.2499999925494193,2.59077525138855,0.9077523350715637,2.59077525138855,8.615184924565256e-06
43,0.0,0.0,0.2499999925494193,2.591681480407715,0.9168143272399902,2.591681480407715,8.615184924565256e-06
44,0.0,0.0,0.2499999925494193,2.592310667037964,0.9231077432632446,2.592310667037964,8.615184924565256e-06
45,0.0,0.0,0.2499999925494193,2.589719533920288,0.8971964120864868,2.589719533920288,8.615184924565256e-06
46,0.0,0.0,0.2499999925494193,2.587841749191284,0.8784184455871582,2.587841749191284,8.615184924565256e-06
47,0.0,0.0,0.2499999925494193,2.5867016315460205,0.8670159578323364,2.5867016315460205,8.615184924565256e-06
48,0.0,0.0,0.2499999925494193,2.5843496322631836,0.8434958457946777,2.5843496322631836,8.615184924565256e-06
49,0.0,0.0,0.2499999925494193,2.584787368774414,0.8478741645812988,2.584787368774414,8.615184924565256e-06
50,0.0,0.0,0.2499999925494193,2.585482358932495,0.8548233509063721,2.585482358932495,8.615184924565256e-06
51,0.0,0.0,0.2499999925494193,2.582676887512207,0.8267682194709778,2.582676887512207,8.615184924565256e-06
52,0.0,0.0,0.2499999925494193,2.583418130874634,0.8341821432113647,2.583418130874634,8.615184924565256e-06
53,0.0,0.0,0.2499999925494193,2.584988594055176,0.849886417388916,2.584988594055176,8.615184924565256e-06
54,0.0,0.0,0.2499999925494193,2.57912015914917,0.7912014126777649,2.57912015914917,8.615184924565256e-06
55,0.0,0.0,0.2499999925494193,2.58553147315979,0.8553141355514526,2.58553147315979,8.615184924565256e-06
56,0.0,0.0,0.2499999925494193,2.579594373703003,0.7959448099136353,2.579594373703003,8.615184924565256e-06
57,0.0,0.0,0.2499999925494193,2.5786569118499756,0.7865695357322693,2.5786569118499756,8.615184924565256e-06
58,0.0,0.0,0.2499999925494193,2.5730693340301514,0.7306938767433167,2.5730693340301514,8.615184924565256e-06
59,0.0,0.0,0.2499999925494193,2.574960470199585,0.7496055364608765,2.574960470199585,8.615184924565256e-06
60,0.0,0.0,0.2499999925494193,2.5804622173309326,0.8046231269836426,2.5804622173309326,8.615184924565256e-06
61,0.0,0.0,0.2499999925494193,2.5730936527252197,0.7309370040893555,2.5730936527252197,8.615184924565256e-06
62,0.0,0.0,0.2499999925494193,2.5741424560546875,0.7414236068725586,2.5741424560546875,8.615184924565256e-06
63,0.0,0.0,0.2499999925494193,2.573014497756958,0.7301450967788696,2.573014497756958,8.615184924565256e-06
64,0.0,0.0,0.2499999925494193,2.576531410217285,0.7653138637542725,2.576531410217285,8.615184924565256e-06
65,0.0,0.0,0.2499999925494193,2.5702757835388184,0.702756941318512,2.5702757835388184,8.615184924565256e-06
66,0.0,0.0,0.2499999925494193,2.568802833557129,0.6880279779434204,2.568802833557129,8.615184924565256e-06
67,0.0,0.0,0.2499999925494193,2.5686228275299072,0.68622887134552,2.5686228275299072,8.615184924565256e-06
68,0.0,0.0,0.2499999925494193,2.569370746612549,0.693706750869751,2.569370746612549,8.615184924565256e-06
69,0.0,0.0,0.2499999925494193,2.567289352416992,0.6728929281234741,2.567289352416992,8.615184924565256e-06
70,0.0,0.0,0.2499999925494193,2.570713996887207,0.7071387767791748,2.570713996887207,8.615184924565256e-06
71,0.0,0.0,0.2499999925494193,2.5664966106414795,0.6649661660194397,2.5664966106414795,8.615184924565256e-06
72,0.0,0.0,0.2499999925494193,2.569009304046631,0.6900925040245056,2.569009304046631,8.615184924565256e-06
73,0.0,0.0,0.2499999925494193,2.563523530960083,0.6352357268333435,2.563523530960083,8.615184924565256e-06
74,0.0,0.0,0.2499999925494193,2.563741445541382,0.63741534948349,2.563741445541382,8.615184924565256e-06
75,0.0,0.0,0.2499999925494193,2.562727689743042,0.6272761225700378,2.562727689743042,8.615184924565256e-06
76,0.0,0.0,0.2499999925494193,2.565243721008301,0.6524372100830078,2.565243721008301,8.615184924565256e-06
77,0.0,0.0,0.2499999925494193,2.568892240524292,0.688922107219696,2.568892240524292,8.615184924565256e-06
78,0.0,0.0,0.2499999925494193,2.556598424911499,0.565984308719635,2.556598424911499,8.615184924565256e-06
79,0.0,0.0,0.2499999925494193,2.5657689571380615,0.6576888561248779,2.5657689571380615,8.615184924565256e-06
80,0.0,0.0,0.2499999925494193,2.559150218963623,0.5915019512176514,2.559150218963623,8.615184924565256e-06
81,0.0,0.0,0.2499999925494193,2.5640647411346436,0.6406480073928833,2.5640647411346436,8.615184924565256e-06
82,0.0,0.0,0.2499999925494193,2.5567080974578857,0.5670803189277649,2.5567080974578857,8.615184924565256e-06
83,0.0,0.0,0.2499999925494193,2.5623509883880615,0.6235105395317078,2.5623509883880615,8.615184924565256e-06
84,0.0,0.0,0.2499999925494193,2.563197135925293,0.6319701671600342,2.563197135925293,8.615184924565256e-06
85,0.0,0.0,0.2499999925494193,2.561394453048706,0.6139436960220337,2.561394453048706,8.615184924565256e-06
86,0.0,0.0,0.2499999925494193,2.5540997982025146,0.5409968495368958,2.5540997982025146,8.615184924565256e-06
87,0.0,0.0,0.2499999925494193,2.5531492233276367,0.531492292881012,2.5531492233276367,8.615184924565256e-06
88,0.0,0.0,0.2499999925494193,2.5584447383880615,0.5844476819038391,2.5584447383880615,8.615184924565256e-06
89,0.0,0.0,0.2499999925494193,2.559354305267334,0.5935437679290771,2.559354305267334,8.615184924565256e-06
90,0.0,0.0,0.2499999925494193,2.5616602897644043,0.6166033744812012,2.5616602897644043,8.615184924565256e-06
91,0.0,0.0,0.2499999925494193,2.5531601905822754,0.5316019654273987,2.5531601905822754,8.615184924565256e-06
92,0.0,0.0,0.2499999925494193,2.559422254562378,0.5942230224609375,2.559422254562378,8.615184924565256e-06
93,0.0,0.0,0.2499999925494193,2.553044080734253,0.5304409265518188,2.553044080734253,8.615184924565256e-06
94,0.0,0.0,0.2499999925494193,2.5475447177886963,0.4754469394683838,2.5475447177886963,8.615184924565256e-06
95,0.0,0.0,0.2499999925494193,2.5540781021118164,0.54078209400177,2.5540781021118164,8.615184924565256e-06
96,0.0,0.0,0.2499999925494193,2.55104923248291,0.5104934573173523,2.55104923248291,8.615184924565256e-06
97,0.0,0.0,0.2499999925494193,2.555351972579956,0.5535194277763367,2.555351972579956,8.615184924565256e-06
98,0.0,0.0,0.2499999925494193,2.5557148456573486,0.5571473240852356,2.5557148456573486,8.615184924565256e-06
99,0.0,0.0,0.2499999925494193,2.5483174324035645,0.48317354917526245,2.5483174324035645,8.615184924565256e-06
100,0.0,0.0,0.2499999925494193,2.5506162643432617,0.5061625242233276,2.5506162643432617,8.615184924565256e-06
101,0.0,0.0,0.2499999925494193,2.552889585494995,0.5288956761360168,2.552889585494995,8.615184924565256e-06
102,0.0,0.0,0.2499999925494193,2.5454823970794678,0.4548240303993225,2.5454823970794678,8.615184924565256e-06
103,0.0,0.0,0.2499999925494193,2.5557448863983154,0.5574491620063782,2.5557448863983154,8.615184924565256e-06
104,0.0,0.0,0.2499999925494193,2.5467374324798584,0.46737396717071533,2.5467374324798584,8.615184924565256e-06
105,0.0,0.0,0.2499999925494193,2.5533454418182373,0.5334554314613342,2.5533454418182373,8.615184924565256e-06
106,0.0,0.0,0.2499999925494193,2.5515806674957275,0.5158070921897888,2.5515806674957275,8.615184924565256e-06
107,0.0,0.0,0.2499999925494193,2.547041177749634,0.47041207551956177,2.547041177749634,8.615184924565256e-06
108,0.0,0.0,0.2499999925494193,2.546997308731079,0.4699719548225403,2.546997308731079,8.615184924565256e-06
109,0.0,0.0,0.2499999925494193,2.5417959690093994,0.41795921325683594,2.5417959690093994,8.615184924565256e-06
110,0.0,0.0,0.2499999925494193,2.553236722946167,0.5323683023452759,2.553236722946167,8.615184924565256e-06
111,0.0,0.0,0.2499999925494193,2.5471510887145996,0.4715113639831543,2.5471510887145996,8.615184924565256e-06
112,0.0,0.0,0.2499999925494193,2.5469415187835693,0.4694140553474426,2.5469415187835693,8.615184924565256e-06
113,0.0,0.0,0.2499999925494193,2.5504496097564697,0.5044954419136047,2.5504496097564697,8.615184924565256e-06
114,0.0,0.0,0.2499999925494193,2.5474565029144287,0.47456395626068115,2.5474565029144287,8.615184924565256e-06
115,0.0,0.0,0.2499999925494193,2.5504117012023926,0.5041177272796631,2.5504117012023926,8.615184924565256e-06
116,0.0,0.0,0.2499999925494193,2.545104742050171,0.45104748010635376,2.545104742050171,8.615184924565256e-06
117,0.0,0.0,0.2499999925494193,2.543720245361328,0.43720346689224243,2.543720245361328,8.615184924565256e-06
118,0.0,0.0,0.2499999925494193,2.547128915786743,0.4712902307510376,2.547128915786743,8.615184924565256e-06
119,0.0,0.0,0.2499999925494193,2.539889097213745,0.3988915681838989,2.539889097213745,8.615184924565256e-06
120,0.0,0.0,0.2499999925494193,2.545638084411621,0.45638030767440796,2.545638084411621,8.615184924565256e-06
121,0.0,0.0,0.2499999925494193,2.547093629837036,0.47093629837036133,2.547093629837036,8.615184924565256e-06
122,0.0,0.0,0.2499999925494193,2.5442214012145996,0.4422150254249573,2.5442214012145996,8.615184924565256e-06
123,0.0,0.0,0.2499999925494193,2.542478561401367,0.4247865080833435,2.542478561401367,8.615184924565256e-06
124,0.0,0.0,0.2499999925494193,2.5454978942871094,0.45497840642929077,2.5454978942871094,8.615184924565256e-06
125,0.0,0.0,0.2499999925494193,2.541301965713501,0.4130200147628784,2.541301965713501,8.615184924565256e-06
126,0.0,0.0,0.2499999925494193,2.550663709640503,0.5066361427307129,2.550663709640503,8.615184924565256e-06
127,0.0,0.0,0.2499999925494193,2.542396068572998,0.42395973205566406,2.542396068572998,8.615184924565256e-06
128,0.0,0.0,0.2499999925494193,2.541123151779175,0.4112311601638794,2.541123151779175,8.615184924565256e-06
129,0.0,0.0,0.2499999925494193,2.544731616973877,0.44731688499450684,2.544731616973877,8.615184924565256e-06
130,0.0,0.0,0.2499999925494193,2.5448808670043945,0.4488086700439453,2.5448808670043945,8.615184924565256e-06
131,0.0,0.0,0.2499999925494193,2.5453553199768066,0.4535529613494873,2.5453553199768066,8.615184924565256e-06
132,0.0,0.0,0.2499999925494193,2.5411787033081055,0.41178667545318604,2.5411787033081055,8.615184924565256e-06
133,0.0,0.0,0.2499999925494193,2.542617082595825,0.4261707067489624,2.542617082595825,8.615184924565256e-06
134,0.0,0.0,0.2499999925494193,2.5420637130737305,0.42063724994659424,2.5420637130737305,8.615184924565256e-06
135,0.0,0.0,0.2499999925494193,2.5400636196136475,0.4006366729736328,2.5400636196136475,8.615184924565256e-06
136,0.0,0.0,0.2499999925494193,2.5358428955078125,0.3584284782409668,2.5358428955078125,8.615184924565256e-06
137,0.0,0.0,0.2499999925494193,2.5413413047790527,0.4134141206741333,2.5413413047790527,8.615184924565256e-06
138,0.0,0.0,0.2499999925494193,2.5369861125946045,0.3698606491088867,2.5369861125946045,8.615184924565256e-06
139,0.0,0.0,0.2499999925494193,2.5388846397399902,0.38884520530700684,2.5388846397399902,8.615184924565256e-06
140,0.0,0.0,0.2499999925494193,2.53831148147583,0.3831155300140381,2.53831148147583,8.615184924565256e-06
141,0.0,0.0,0.2499999925494193,2.533500909805298,0.33500993251800537,2.533500909805298,8.615184924565256e-06
142,0.0,0.0,0.2499999925494193,2.5343680381774902,0.3436812162399292,2.5343680381774902,8.615184924565256e-06
143,0.0,0.0,0.2499999925494193,2.540925979614258,0.4092601537704468,2.540925979614258,8.615184924565256e-06
144,0.0,0.0,0.2499999925494193,2.5378992557525635,0.37899327278137207,2.5378992557525635,8.615184924565256e-06
145,0.0,0.0,0.2499999925494193,2.5430164337158203,0.4301644563674927,2.5430164337158203,8.615184924565256e-06
146,0.0,0.0,0.2499999925494193,2.541863441467285,0.41863369941711426,2.541863441467285,8.615184924565256e-06
147,0.0,0.0,0.2499999925494193,2.537421703338623,0.3742181062698364,2.537421703338623,8.615184924565256e-06
148,0.0,0.0,0.2499999925494193,2.5316622257232666,0.3166224956512451,2.5316622257232666,8.615184924565256e-06
149,0.0,0.0,0.2499999925494193,2.533613443374634,0.33613359928131104,2.533613443374634,8.615184924565256e-06
150,0.0,0.0,0.2499999925494193,2.537721872329712,0.377219557762146,2.537721872329712,8.615184924565256e-06
151,0.0,0.0,0.2499999925494193,2.543515920639038,0.435158371925354,2.543515920639038,8.615184924565256e-06
152,0.0,0.0,0.2499999925494193,2.540121555328369,0.40121638774871826,2.540121555328369,8.615184924565256e-06
153,0.0,0.0,0.2499999925494193,2.5442264080047607,0.4422634243965149,2.5442264080047607,8.615184924565256e-06
154,0.0,0.0,0.2499999925494193,2.538986921310425,0.3898681402206421,2.538986921310425,8.615184924565256e-06
155,0.0,0.0,0.2499999925494193,2.535191535949707,0.3519165515899658,2.535191535949707,8.615184924565256e-06
156,0.0,0.0,0.2499999925494193,2.537994146347046,0.37994134426116943,2.537994146347046,8.615184924565256e-06
157,0.0,0.0,0.2499999925494193,2.536451816558838,0.36451804637908936,2.536451816558838,8.615184924565256e-06
158,0.0,0.0,0.2499999925494193,2.540015459060669,0.4001542329788208,2.540015459060669,8.615184924565256e-06
159,0.0,0.0,0.2499999925494193,2.539519786834717,0.3951990604400635,2.539519786834717,8.615184924565256e-06
160,0.0,0.0,0.2499999925494193,2.5358736515045166,0.35873663425445557,2.5358736515045166,8.615184924565256e-06
161,0.0,0.0,0.2499999925494193,2.536562204360962,0.36562252044677734,2.536562204360962,8.615184924565256e-06
162,0.0,0.0,0.2499999925494193,2.5436995029449463,0.43699419498443604,2.5436995029449463,8.615184924565256e-06
163,0.0,0.0,0.2499999925494193,2.536592960357666,0.3659306764602661,2.536592960357666,8.615184924565256e-06
164,0.0,0.0,0.2499999925494193,2.5384461879730225,0.38446080684661865,2.5384461879730225,8.615184924565256e-06
165,0.0,0.0,0.2499999925494193,2.542466640472412,0.4246659278869629,2.542466640472412,8.615184924565256e-06
166,0.0,0.0,0.2499999925494193,2.5356314182281494,0.35631370544433594,2.5356314182281494,8.615184924565256e-06
167,0.0,0.0,0.2499999925494193,2.5384111404418945,0.38411223888397217,2.5384111404418945,8.615184924565256e-06
168,0.0,0.0,0.2499999925494193,2.5374233722686768,0.3742330074310303,2.5374233722686768,8.615184924565256e-06
169,0.0,0.0,0.2499999925494193,2.537653684616089,0.3765369653701782,2.537653684616089,8.615184924565256e-06
170,0.0,0.0,0.2499999925494193,2.532688856124878,0.32688820362091064,2.532688856124878,8.615184924565256e-06
171,0.0,0.0,0.2499999925494193,2.5337438583374023,0.3374384641647339,2.5337438583374023,8.615184924565256e-06
172,0.0,0.0,0.2499999925494193,2.535050868988037,0.35050833225250244,2.535050868988037,8.615184924565256e-06
173,0.0,0.0,0.2499999925494193,2.5369277000427246,0.3692760467529297,2.5369277000427246,8.615184924565256e-06
174,0.0,0.0,0.2499999925494193,2.5333645343780518,0.33364593982696533,2.5333645343780518,8.615184924565256e-06
175,0.0,0.0,0.2499999925494193,2.534214496612549,0.3421440124511719,2.534214496612549,8.615184924565256e-06
176,0.0,0.0,0.2499999925494193,2.530487060546875,0.30487060546875,2.530487060546875,8.615184924565256e-06
177,0.0,0.0,0.2499999925494193,2.5331997871398926,0.3319970369338989,2.5331997871398926,8.615184924565256e-06
178,0.0,0.0,0.2499999925494193,2.5335705280303955,0.33570611476898193,2.5335705280303955,8.615184924565256e-06
179,0.0,0.0,0.2499999925494193,2.5313851833343506,0.313850998878479,2.5313851833343506,8.615184924565256e-06
180,0.0,0.0,0.2499999925494193,2.531935930252075,0.31935882568359375,2.531935930252075,8.615184924565256e-06
181,0.0,0.0,0.2499999925494193,2.5300240516662598,0.300240159034729,2.5300240516662598,8.615184924565256e-06
182,0.0,0.0,0.2499999925494193,2.5368800163269043,0.36880064010620117,2.5368800163269043,8.615184924565256e-06
183,0.0,0.0,0.2499999925494193,2.5369627475738525,0.369626522064209,2.5369627475738525,8.615184924565256e-06
184,0.0,0.0,0.2499999925494193,2.5311620235443115,0.3116213083267212,2.5311620235443115,8.615184924565256e-06
185,0.0,0.0,0.2499999925494193,2.534576177597046,0.3457622528076172,2.534576177597046,8.615184924565256e-06
186,0.0,0.0,0.2499999925494193,2.5341145992279053,0.3411456346511841,2.5341145992279053,8.615184924565256e-06
187,0.0,0.0,0.2499999925494193,2.530834197998047,0.3083423376083374,2.530834197998047,8.615184924565256e-06
188,0.0,0.0,0.2499999925494193,2.5350019931793213,0.3500189781188965,2.5350019931793213,8.615184924565256e-06
189,0.0,0.0,0.2499999925494193,2.5380542278289795,0.3805429935455322,2.5380542278289795,8.615184924565256e-06
190,0.0,0.0,0.2499999925494193,2.5373692512512207,0.37369251251220703,2.5373692512512207,8.615184924565256e-06
191,0.0,0.0,0.2499999925494193,2.5414791107177734,0.41479015350341797,2.5414791107177734,8.615184924565256e-06
192,0.0,0.0,0.2499999925494193,2.5339417457580566,0.3394184112548828,2.5339417457580566,8.615184924565256e-06
193,0.0,0.0,0.2499999925494193,2.534222364425659,0.3422243595123291,2.534222364425659,8.615184924565256e-06
194,0.0,0.0,0.2499999925494193,2.535639762878418,0.356398344039917,2.535639762878418,8.615184924565256e-06
195,0.0,0.0,0.2499999925494193,2.5338377952575684,0.33837890625,2.5338377952575684,8.615184924565256e-06
196,0.0,0.0,0.2499999925494193,2.5338265895843506,0.338265061378479,2.5338265895843506,8.615184924565256e-06
197,0.0,0.0,0.2499999925494193,2.533761501312256,0.33761608600616455,2.533761501312256,8.615184924565256e-06
198,0.0,0.0,0.2499999925494193,2.5362324714660645,0.3623237609863281,2.5362324714660645,8.615184924565256e-06
199,0.0,0.0,0.2499999925494193,2.530078649520874,0.3007856607437134,2.530078649520874,8.615184924565256e-06
200,0.0,0.0,0.2499999925494193,2.5291318893432617,0.2913196086883545,2.5291318893432617,8.615184924565256e-06
201,0.0,0.0,0.2499999925494193,2.5357346534729004,0.35734641551971436,2.5357346534729004,8.615184924565256e-06
202,0.0,0.0,0.2499999925494193,2.538104772567749,0.3810480833053589,2.538104772567749,8.615184924565256e-06
203,0.0,0.0,0.2499999925494193,2.5311052799224854,0.3110535144805908,2.5311052799224854,8.615184924565256e-06
204,0.0,0.0,0.2499999925494193,2.531491756439209,0.3149179220199585,2.531491756439209,8.615184924565256e-06
205,0.0,0.0,0.2499999925494193,2.529144763946533,0.2914466857910156,2.529144763946533,8.615184924565256e-06
206,0.0,0.0,0.2499999925494193,2.5296480655670166,0.2964808940887451,2.5296480655670166,8.615184924565256e-06
207,0.0,0.0,0.2499999925494193,2.5270376205444336,0.2703765630722046,2.5270376205444336,8.615184924565256e-06
208,0.0,0.0,0.2499999925494193,2.532711982727051,0.32712018489837646,2.532711982727051,8.615184924565256e-06
209,0.0,0.0,0.2499999925494193,2.529263734817505,0.2926363945007324,2.529263734817505,8.615184924565256e-06
210,0.0,0.0,0.2499999925494193,2.5288243293762207,0.2882421016693115,2.5288243293762207,8.615184924565256e-06
211,0.0,0.0,0.2499999925494193,2.528003692626953,0.2800365686416626,2.528003692626953,8.615184924565256e-06
212,0.0,0.0,0.2499999925494193,2.533890724182129,0.338908314704895,2.533890724182129,8.615184924565256e-06
213,0.0,0.0,0.2499999925494193,2.5328848361968994,0.328849196434021,2.5328848361968994,8.615184924565256e-06
214,0.0,0.0,0.2499999925494193,2.526925563812256,0.2692546844482422,2.526925563812256,8.615184924565256e-06
215,0.0,0.0,0.2499999925494193,2.5315468311309814,0.3154686689376831,2.5315468311309814,8.615184924565256e-06
216,0.0,0.0,0.2499999925494193,2.5340487957000732,0.3404877185821533,2.5340487957000732,8.615184924565256e-06
217,0.0,0.0,0.2499999925494193,2.5269787311553955,0.269787073135376,2.5269787311553955,8.615184924565256e-06
218,0.0,0.0,0.2499999925494193,2.5370068550109863,0.37006938457489014,2.5370068550109863,8.615184924565256e-06
219,0.0,0.0,0.2499999925494193,2.5293519496917725,0.29351890087127686,2.5293519496917725,8.615184924565256e-06
220,0.0,0.0,0.2499999925494193,2.5268115997314453,0.26811683177948,2.5268115997314453,8.615184924565256e-06
221,0.0,0.0,0.2499999925494193,2.525191068649292,0.2519104480743408,2.525191068649292,8.615184924565256e-06
222,0.0,0.0,0.2499999925494193,2.5333728790283203,0.33372998237609863,2.5333728790283203,8.615184924565256e-06
223,0.0,0.0,0.2499999925494193,2.530733585357666,0.3073369264602661,2.530733585357666,8.615184924565256e-06
224,0.0,0.0,0.2499999925494193,2.5283541679382324,0.2835427522659302,2.5283541679382324,8.615184924565256e-06
225,0.0,0.0,0.2499999925494193,2.529125928878784,0.2912585735321045,2.529125928878784,8.615184924565256e-06
226,0.0,0.0,0.2499999925494193,2.5280678272247314,0.2806781530380249,2.5280678272247314,8.615184924565256e-06
227,0.0,0.0,0.2499999925494193,2.522117853164673,0.22117936611175537,2.522117853164673,8.615184924565256e-06
228,0.0,0.0,0.2499999925494193,2.524648904800415,0.24648964405059814,2.524648904800415,8.615184924565256e-06
229,0.0,0.0,0.2499999925494193,2.530585527420044,0.30585479736328125,2.530585527420044,8.615184924565256e-06
230,0.0,0.0,0.2499999925494193,2.5286529064178467,0.2865288257598877,2.5286529064178467,8.615184924565256e-06
231,0.0,0.0,0.2499999925494193,2.531473159790039,0.31473076343536377,2.531473159790039,8.615184924565256e-06
232,0.0,0.0,0.2499999925494193,2.528867244720459,0.2886735200881958,2.528867244720459,8.615184924565256e-06
233,0.0,0.0,0.2499999925494193,2.5283429622650146,0.2834289073944092,2.5283429622650146,8.615184924565256e-06
234,0.0,0.0,0.2499999925494193,2.5286002159118652,0.28600096702575684,2.5286002159118652,8.615184924565256e-06
235,0.0,0.0,0.2499999925494193,2.5278615951538086,0.27861571311950684,2.5278615951538086,8.615184924565256e-06
236,0.0,0.0,0.2499999925494193,2.52293062210083,0.22930538654327393,2.52293062210083,8.615184924565256e-06
237,0.0,0.0,0.2499999925494193,2.526233434677124,0.26233339309692383,2.526233434677124,8.615184924565256e-06
238,0.0,0.0,0.2499999925494193,2.5316011905670166,0.3160123825073242,2.5316011905670166,8.615184924565256e-06
239,0.0,0.0,0.2499999925494193,2.5258069038391113,0.25806939601898193,2.5258069038391113,8.615184924565256e-06
240,0.0,0.0,0.2499999925494193,2.5238401889801025,0.23840105533599854,2.5238401889801025,8.615184924565256e-06
241,0.0,0.0,0.2499999925494193,2.5249252319335938,0.249251127243042,2.5249252319335938,8.615184924565256e-06
242,0.0,0.0,0.2499999925494193,2.524473190307617,0.24473273754119873,2.524473190307617,8.615184924565256e-06
243,0.0,0.0,0.2499999925494193,2.527752161026001,0.277521014213562,2.527752161026001,8.615184924565256e-06
244,0.0,0.0,0.2499999925494193,2.526683807373047,0.26683855056762695,2.526683807373047,8.615184924565256e-06
245,0.0,0.0,0.2499999925494193,2.532294273376465,0.32294368743896484,2.532294273376465,8.615184924565256e-06
246,0.0,0.0,0.2499999925494193,2.521448850631714,0.21448826789855957,2.521448850631714,8.615184924565256e-06
247,0.0,0.0,0.2499999925494193,2.5283381938934326,0.2833820581436157,2.5283381938934326,8.615184924565256e-06
248,0.0,0.0,0.2499999925494193,2.5244855880737305,0.24485564231872559,2.5244855880737305,8.615184924565256e-06
249,0.0,0.0,0.2499999925494193,2.523181676864624,0.23181772232055664,2.523181676864624,8.615184924565256e-06
250,0.0,0.0,0.2499999925494193,2.528766393661499,0.28766489028930664,2.528766393661499,8.615184924565256e-06
251,0.0,0.0,0.2499999925494193,2.528656005859375,0.28655898571014404,2.528656005859375,8.615184924565256e-06
252,0.0,0.0,0.2499999925494193,2.526740550994873,0.2674046754837036,2.526740550994873,8.615184924565256e-06
253,0.0,0.0,0.2499999925494193,2.529310464859009,0.29310524463653564,2.529310464859009,8.615184924565256e-06
254,0.0,0.0,0.2499999925494193,2.5248684883117676,0.24868440628051758,2.5248684883117676,8.615184924565256e-06
255,0.0,0.0,0.2499999925494193,2.5257411003112793,0.2574120759963989,2.5257411003112793,8.615184924565256e-06
256,0.0,0.0,0.2499999925494193,2.5281128883361816,0.2811295986175537,2.5281128883361816,8.615184924565256e-06
257,0.0,0.0,0.2499999925494193,2.5266199111938477,0.26620006561279297,2.5266199111938477,8.615184924565256e-06
258,0.0,0.0,0.2499999925494193,2.5255954265594482,0.25595414638519287,2.5255954265594482,8.615184924565256e-06
259,0.0,0.0,0.2499999925494193,2.5312349796295166,0.31234896183013916,2.5312349796295166,8.615184924565256e-06
260,0.0,0.0,0.2499999925494193,2.528592824935913,0.28592872619628906,2.528592824935913,8.615184924565256e-06
261,0.0,0.0,0.2499999925494193,2.5298123359680176,0.2981225252151489,2.5298123359680176,8.615184924565256e-06
262,0.0,0.0,0.2499999925494193,2.524329423904419,0.2432948350906372,2.524329423904419,8.615184924565256e-06
263,0.0,0.0,0.2499999925494193,2.529470682144165,0.29470765590667725,2.529470682144165,8.615184924565256e-06
264,0.0,0.0,0.2499999925494193,2.524203300476074,0.2420339584350586,2.524203300476074,8.615184924565256e-06
265,0.0,0.0,0.2499999925494193,2.5291335582733154,0.29133665561676025,2.5291335582733154,8.615184924565256e-06
266,0.0,0.0,0.20412413914855784,2.5231966972351074,0.23196721076965332,2.5231966972351074,8.615184924565256e-06
267,0.0,0.0,0.2499999925494193,2.5282301902770996,0.2823021411895752,2.5282301902770996,8.615184924565256e-06
268,0.0,0.0,0.2499999925494193,2.5248818397521973,0.24881720542907715,2.5248818397521973,8.615184924565256e-06
269,0.0,0.0,0.2499999925494193,2.526430130004883,0.2643023729324341,2.526430130004883,8.615184924565256e-06
270,0.0,0.0,0.2499999925494193,2.522371530532837,0.2237154245376587,2.522371530532837,8.615184924565256e-06
271,0.0,0.0,0.2499999925494193,2.5254440307617188,0.25443971157073975,2.5254440307617188,8.615184924565256e-06
272,0.0,0.0,0.2499999925494193,2.528491735458374,0.28491663932800293,2.528491735458374,8.615184924565256e-06
273,0.0,0.0,0.2499999925494193,2.526820659637451,0.2682070732116699,2.526820659637451,8.615184924565256e-06
274,0.0,0.0,0.2499999925494193,2.5215790271759033,0.2157909870147705,2.5215790271759033,8.615184924565256e-06
275,0.0,0.0,0.2499999925494193,2.526198625564575,0.26198720932006836,2.526198625564575,8.615184924565256e-06
276,0.0,0.0,0.2499999925494193,2.5212714672088623,0.2127143144607544,2.5212714672088623,8.615184924565256e-06
277,0.0,0.0,0.2499999925494193,2.5209977626800537,0.20997798442840576,2.5209977626800537,8.615184924565256e-06
278,0.0,0.0,0.2499999925494193,2.5278825759887695,0.2788262367248535,2.5278825759887695,8.615184924565256e-06
279,0.0,0.0,0.2499999925494193,2.5231916904449463,0.23191750049591064,2.5231916904449463,8.615184924565256e-06
280,0.0,0.0,0.2499999925494193,2.518988609313965,0.1898864507675171,2.518988609313965,8.615184924565256e-06
281,0.0,0.0,0.2499999925494193,2.524850845336914,0.24850749969482422,2.524850845336914,8.615184924565256e-06
282,0.0,0.0,0.2499999925494193,2.5272419452667236,0.272419810295105,2.5272419452667236,8.615184924565256e-06
283,0.0,0.0,0.2499999925494193,2.5247726440429688,0.24772536754608154,2.5247726440429688,8.615184924565256e-06
284,0.0,0.0,0.2499999925494193,2.524167060852051,0.2416706085205078,2.524167060852051,8.615184924565256e-06
285,0.0,0.0,0.2499999925494193,2.524362087249756,0.2436211109161377,2.524362087249756,8.615184924565256e-06
286,0.0,0.0,0.2499999925494193,2.5243442058563232,0.24344158172607422,2.5243442058563232,8.615184924565256e-06
287,0.0,0.0,0.2499999925494193,2.5167245864868164,0.1672455072402954,2.5167245864868164,8.615184924565256e-06
288,0.0,0.0,0.2499999925494193,2.5246880054473877,0.24688053131103516,2.5246880054473877,8.615184924565256e-06
289,0.0,0.0,0.2499999925494193,2.520358085632324,0.20358049869537354,2.520358085632324,8.615184924565256e-06
290,0.0,0.0,0.2499999925494193,2.5216054916381836,0.21605384349822998,2.5216054916381836,8.615184924565256e-06
291,0.0,0.0,0.2499999925494193,2.5247087478637695,0.24708819389343262,2.5247087478637695,8.615184924565256e-06
292,0.0,0.0,0.2499999925494193,2.522869110107422,0.22868990898132324,2.522869110107422,8.615184924565256e-06
293,0.0,0.0,0.2499999925494193,2.5217905044555664,0.21790409088134766,2.5217905044555664,8.615184924565256e-06
294,0.0,0.0,0.2499999925494193,2.5208847522735596,0.20884692668914795,2.5208847522735596,8.615184924565256e-06
295,0.0,0.0,0.2499999925494193,2.5211188793182373,0.21118950843811035,2.5211188793182373,8.615184924565256e-06
296,0.0,0.0,0.2499999925494193,2.5196382999420166,0.19638323783874512,2.5196382999420166,8.615184924565256e-06
297,0.0,0.0,0.2499999925494193,2.519913673400879,0.1991356611251831,2.519913673400879,8.615184924565256e-06
298,0.0,0.0,0.2499999925494193,2.5211615562438965,0.21161603927612305,2.5211615562438965,8.615184924565256e-06
299,0.0,0.0,0.2499999925494193,2.518497943878174,0.1849806308746338,2.518497943878174,8.615184924565256e-06
300,0.0,0.0,0.2499999925494193,2.5169639587402344,0.16963887214660645,2.5169639587402344,8.615184924565256e-06
301,0.0,0.0,0.2499999925494193,2.5246570110321045,0.24657118320465088,2.5246570110321045,8.615184924565256e-06
302,0.0,0.0,0.2499999925494193,2.52048659324646,0.2048661708831787,2.52048659324646,8.615184924565256e-06
303,0.0,0.0,0.2499999925494193,2.5169994831085205,0.16999423503875732,2.5169994831085205,8.615184924565256e-06
304,0.0,0.0,0.2499999925494193,2.520188808441162,0.20188748836517334,2.520188808441162,8.615184924565256e-06
305,0.0,0.0,0.2499999925494193,2.517941474914551,0.17941582202911377,2.517941474914551,8.615184924565256e-06
306,0.0,0.0,0.2499999925494193,2.52124285697937,0.21242845058441162,2.52124285697937,8.615184924565256e-06
307,0.0,0.0,0.2499999925494193,2.5168066024780273,0.16806578636169434,2.5168066024780273,8.615184924565256e-06
308,0.0,0.0,0.2499999925494193,2.520822286605835,0.2082223892211914,2.520822286605835,8.615184924565256e-06
309,0.0,0.0,0.2499999925494193,2.5190091133117676,0.19009184837341309,2.5190091133117676,8.615184924565256e-06
310,0.0,0.0,0.2499999925494193,2.519245147705078,0.1924513578414917,2.519245147705078,8.615184924565256e-06
311,0.0,0.0,0.2499999925494193,2.521756887435913,0.21756863594055176,2.521756887435913,8.615184924565256e-06
312,0.0,0.0,0.2499999925494193,2.519779682159424,0.19779706001281738,2.519779682159424,8.615184924565256e-06
313,0.0,0.0,0.2499999925494193,2.520591974258423,0.20592045783996582,2.520591974258423,8.615184924565256e-06
314,0.0,0.0,0.2499999925494193,2.5173208713531494,0.17320871353149414,2.5173208713531494,8.615184924565256e-06
315,0.0,0.0,0.2499999925494193,2.52118182182312,0.21181774139404297,2.52118182182312,8.615184924565256e-06
316,0.0,0.0,0.2499999925494193,2.5202810764312744,0.2028108835220337,2.5202810764312744,8.615184924565256e-06
317,0.0,0.0,0.2499999925494193,2.5213265419006348,0.2132662534713745,2.5213265419006348,8.615184924565256e-06
318,0.0,0.0,0.2499999925494193,2.5174965858459473,0.1749659776687622,2.5174965858459473,8.615184924565256e-06
319,0.0,0.0,0.2499999925494193,2.5192809104919434,0.1928098201751709,2.5192809104919434,8.615184924565256e-06
320,0.0,0.0,0.2499999925494193,2.5173239707946777,0.1732398271560669,2.5173239707946777,8.615184924565256e-06
321,0.0,0.0,0.2499999925494193,2.518922805786133,0.18922865390777588,2.518922805786133,8.615184924565256e-06
322,0.0,0.0,0.2499999925494193,2.5206427574157715,0.2064272165298462,2.5206427574157715,8.615184924565256e-06
323,0.0,0.0,0.2499999925494193,2.5184035301208496,0.18403410911560059,2.5184035301208496,8.615184924565256e-06
324,0.0,0.0,0.2499999925494193,2.5200259685516357,0.20025992393493652,2.5200259685516357,8.615184924565256e-06
325,0.0,0.0,0.2499999925494193,2.5185623168945312,0.1856226921081543,2.5185623168945312,8.615184924565256e-06
326,0.0,0.0,0.2499999925494193,2.51849102973938,0.18490922451019287,2.51849102973938,8.615184924565256e-06
327,0.0,0.0,0.2499999925494193,2.5215086936950684,0.21508777141571045,2.5215086936950684,8.615184924565256e-06
328,0.0,0.0,0.2499999925494193,2.5195438861846924,0.19543969631195068,2.5195438861846924,8.615184924565256e-06
329,0.0,0.0,0.2499999925494193,2.518963098526001,0.18963205814361572,2.518963098526001,8.615184924565256e-06
330,0.0,0.0,0.2499999925494193,2.516843318939209,0.168432354927063,2.516843318939209,8.615184924565256e-06
331,0.0,0.0,0.2499999925494193,2.517735481262207,0.17735493183135986,2.517735481262207,8.615184924565256e-06
332,0.0,0.0,0.2499999925494193,2.5166685581207275,0.16668522357940674,2.5166685581207275,8.615184924565256e-06
333,0.0,0.0,0.2499999925494193,2.5176026821136475,0.17602717876434326,2.5176026821136475,8.615184924565256e-06
334,0.0,0.0,0.2499999925494193,2.514294385910034,0.1429443359375,2.514294385910034,8.615184924565256e-06
335,0.0,0.0,0.2499999925494193,2.522242307662964,0.22242224216461182,2.522242307662964,8.615184924565256e-06
336,0.0,0.0,0.2499999925494193,2.515598773956299,0.15598714351654053,2.515598773956299,8.615184924565256e-06
337,0.0,0.0,0.2499999925494193,2.5184924602508545,0.18492448329925537,2.5184924602508545,8.615184924565256e-06
338,0.0,0.0,0.2499999925494193,2.5160598754882812,0.1605980396270752,2.5160598754882812,8.615184924565256e-06
339,0.0,0.0,0.2499999925494193,2.5186502933502197,0.18650293350219727,2.5186502933502197,8.615184924565256e-06
340,0.0,0.0,0.2499999925494193,2.5158684253692627,0.15868520736694336,2.5158684253692627,8.615184924565256e-06
341,0.0,0.0,0.2499999925494193,2.5149381160736084,0.14938151836395264,2.5149381160736084,8.615184924565256e-06
342,0.0,0.0,0.2499999925494193,2.5154027938842773,0.15402889251708984,2.5154027938842773,8.615184924565256e-06
343,0.0,0.0,0.2499999925494193,2.5174002647399902,0.174003005027771,2.5174002647399902,8.615184924565256e-06
344,0.0,0.0,0.2499999925494193,2.5194196701049805,0.1941969394683838,2.5194196701049805,8.615184924565256e-06
345,0.0,0.0,0.2499999925494193,2.51419734954834,0.14197397232055664,2.51419734954834,8.615184924565256e-06
346,0.0,0.0,0.2499999925494193,2.5184409618377686,0.18440937995910645,2.5184409618377686,8.615184924565256e-06
347,0.0,0.0,0.2499999925494193,2.5193288326263428,0.19328725337982178,2.5193288326263428,8.615184924565256e-06
348,0.0,0.0,0.2499999925494193,2.5171685218811035,0.1716841459274292,2.5171685218811035,8.615184924565256e-06
349,0.0,0.0,0.2499999925494193,2.5148468017578125,0.1484668254852295,2.5148468017578125,8.615184924565256e-06
350,0.0,0.0,0.2499999925494193,2.516247034072876,0.16247129440307617,2.516247034072876,8.615184924565256e-06
351,0.0,0.0,0.2499999925494193,2.5149972438812256,0.14997243881225586,2.5149972438812256,8.615184924565256e-06
352,0.0,0.0,0.2499999925494193,2.5137219429016113,0.13721847534179688,2.5137219429016113,8.615184924565256e-06
353,0.0,0.0,0.2499999925494193,2.515684127807617,0.15684139728546143,2.515684127807617,8.615184924565256e-06
354,0.0,0.0,0.2499999925494193,2.515516996383667,0.15516912937164307,2.515516996383667,8.615184924565256e-06
355,0.0,0.0,0.2499999925494193,2.518458127975464,0.18458116054534912,2.518458127975464,8.615184924565256e-06
356,0.0,0.0,0.2499999925494193,2.5174553394317627,0.17455267906188965,2.5174553394317627,8.615184924565256e-06
357,0.0,0.0,0.2499999925494193,2.5166826248168945,0.1668250560760498,2.5166826248168945,8.615184924565256e-06
358,0.0,0.0,0.2499999925494193,2.5157058238983154,0.1570577621459961,2.5157058238983154,8.615184924565256e-06
359,0.0,0.0,0.2499999925494193,2.5168046951293945,0.16804707050323486,2.5168046951293945,8.615184924565256e-06
360,0.0,0.0,0.2499999925494193,2.518104076385498,0.18104016780853271,2.518104076385498,8.615184924565256e-06
361,0.0,0.0,0.2499999925494193,2.516538381576538,0.16538357734680176,2.516538381576538,8.615184924565256e-06
362,0.0,0.0,0.2499999925494193,2.5142223834991455,0.14222443103790283,2.5142223834991455,8.615184924565256e-06
363,0.0,0.0,0.2499999925494193,2.5161490440368652,0.16149091720581055,2.5161490440368652,8.615184924565256e-06
364,0.0,0.0,0.2499999925494193,2.51312518119812,0.13125228881835938,2.51312518119812,8.615184924565256e-06
365,0.0,0.0,0.2499999925494193,2.517115592956543,0.1711568832397461,2.517115592956543,8.615184924565256e-06
366,0.0,0.0,0.2499999925494193,2.5122127532958984,0.12212634086608887,2.5122127532958984,8.615184924565256e-06
367,0.0,0.0,0.2499999925494193,2.5143489837646484,0.14349079132080078,2.5143489837646484,8.615184924565256e-06
368,0.0,0.0,0.2499999925494193,2.5158777236938477,0.15877652168273926,2.5158777236938477,8.615184924565256e-06
369,0.0,0.0,0.2499999925494193,2.5145998001098633,0.14599871635437012,2.5145998001098633,8.615184924565256e-06
370,0.0,0.0,0.2499999925494193,2.5150973796844482,0.15097308158874512,2.5150973796844482,8.615184924565256e-06
371,0.0,0.0,0.2499999925494193,2.515023708343506,0.15023589134216309,2.515023708343506,8.615184924565256e-06
372,0.0,0.0,0.2499999925494193,2.5125837326049805,0.12583768367767334,2.5125837326049805,8.615184924565256e-06
373,0.0,0.0,0.2499999925494193,2.513355016708374,0.13354992866516113,2.513355016708374,8.615184924565256e-06
374,0.0,0.0,0.2499999925494193,2.513056516647339,0.13056612014770508,2.513056516647339,8.615184924565256e-06
375,0.0,0.0,0.2499999925494193,2.5143110752105713,0.1431107521057129,2.5143110752105713,8.615184924565256e-06
376,0.0,0.0,0.2499999925494193,2.5137808322906494,0.13780856132507324,2.5137808322906494,8.615184924565256e-06
377,0.0,0.0,0.2499999925494193,2.5115747451782227,0.11574661731719971,2.5115747451782227,8.615184924565256e-06
378,0.0,0.0,0.2499999925494193,2.5135486125946045,0.13548600673675537,2.5135486125946045,8.615184924565256e-06
379,0.0,0.0,0.2499999925494193,2.5137295722961426,0.13729584217071533,2.5137295722961426,8.615184924565256e-06
380,0.0,0.0,0.2499999925494193,2.512352466583252,0.12352478504180908,2.512352466583252,8.615184924565256e-06
381,0.0,0.0,0.2499999925494193,2.516049861907959,0.16049957275390625,2.516049861907959,8.615184924565256e-06
382,0.0,0.0,0.2499999925494193,2.5139386653900146,0.13938653469085693,2.5139386653900146,8.615184924565256e-06
383,0.0,0.0,0.2499999925494193,2.5107333660125732,0.10733401775360107,2.5107333660125732,8.615184924565256e-06
384,0.0,0.0,0.2499999925494193,2.5125324726104736,0.12532508373260498,2.5125324726104736,8.615184924565256e-06
385,0.0,0.0,0.2499999925494193,2.5128889083862305,0.1288895606994629,2.5128889083862305,8.615184924565256e-06
386,0.0,0.0,0.2499999925494193,2.5116288661956787,0.11628806591033936,2.5116288661956787,8.615184924565256e-06
387,0.0,0.0,0.2499999925494193,2.5101706981658936,0.1017071008682251,2.5101706981658936,8.615184924565256e-06
388,0.0,0.0,0.2499999925494193,2.511464834213257,0.11464917659759521,2.511464834213257,8.615184924565256e-06
389,0.0,0.0,0.2499999925494193,2.512122869491577,0.12122964859008789,2.512122869491577,8.615184924565256e-06
390,0.0,0.0,0.2499999925494193,2.513838291168213,0.13838350772857666,2.513838291168213,8.615184924565256e-06
391,0.0,0.0,0.2499999925494193,2.5123586654663086,0.12358641624450684,2.5123586654663086,8.615184924565256e-06
392,0.0,0.0,0.2499999925494193,2.513174295425415,0.13174307346343994,2.513174295425415,8.615184924565256e-06
393,0.0,0.0,0.2499999925494193,2.5129928588867188,0.12992894649505615,2.5129928588867188,8.615184924565256e-06
394,0.0,0.0,0.2499999925494193,2.512399196624756,0.12399303913116455,2.512399196624756,8.615184924565256e-06
395,0.0,0.0,0.2499999925494193,2.514270067214966,0.1427009105682373,2.514270067214966,8.615184924565256e-06
396,0.0,0.0,0.2499999925494193,2.5119032859802246,0.1190328598022461,2.5119032859802246,8.615184924565256e-06
397,0.0,0.0,0.2499999925494193,2.5096423625946045,0.09642398357391357,2.5096423625946045,8.615184924565256e-06
398,0.0,0.0,0.2499999925494193,2.5113983154296875,0.11398398876190186,2.5113983154296875,8.615184924565256e-06
399,0.0,0.0,0.2499999925494193,2.5122196674346924,0.12219631671905518,2.5122196674346924,8.615184924565256e-06
400,0.0,0.0,0.2499999925494193,2.514106035232544,0.1410595178604126,2.514106035232544,8.615184924565256e-06
401,0.0,0.0,0.2499999925494193,2.512333869934082,0.12333869934082031,2.512333869934082,8.615184924565256e-06
402,0.0,0.0,0.2499999925494193,2.5086374282836914,0.08637487888336182,2.5086374282836914,8.615184924565256e-06
403,0.0,0.0,0.2499999925494193,2.5127317905426025,0.1273174285888672,2.5127317905426025,8.615184924565256e-06
404,0.0,0.0,0.2499999925494193,2.510921001434326,0.10920917987823486,2.510921001434326,8.615184924565256e-06
405,0.0,0.0,0.2499999925494193,2.5119242668151855,0.11924183368682861,2.5119242668151855,8.615184924565256e-06
406,0.0,0.0,0.2499999925494193,2.511643886566162,0.11643862724304199,2.511643886566162,8.615184924565256e-06
407,0.0,0.0,0.2499999925494193,2.5137779712677,0.13777923583984375,2.5137779712677,8.615184924565256e-06
408,0.0,0.0,0.2499999925494193,2.5078749656677246,0.07874917984008789,2.5078749656677246,8.615184924565256e-06
409,0.0,0.0,0.2499999925494193,2.5101206302642822,0.10120713710784912,2.5101206302642822,8.615184924565256e-06
410,0.0,0.0,0.2499999925494193,2.510695219039917,0.10695123672485352,2.510695219039917,8.615184924565256e-06
411,0.0,0.0,0.2499999925494193,2.5115113258361816,0.11511337757110596,2.5115113258361816,8.615184924565256e-06
412,0.0,0.0,0.2499999925494193,2.5091676712036133,0.09167695045471191,2.5091676712036133,8.615184924565256e-06
413,0.0,0.0,0.2499999925494193,2.508148431777954,0.08148479461669922,2.508148431777954,8.615184924565256e-06
414,0.0,0.0,0.2499999925494193,2.509021759033203,0.0902174711227417,2.509021759033203,8.615184924565256e-06
415,0.0,0.0,0.2499999925494193,2.5078697204589844,0.0786970853805542,2.5078697204589844,8.615184924565256e-06
416,0.0,0.0,0.2499999925494193,2.508983612060547,0.0898364782333374,2.508983612060547,8.615184924565256e-06
417,0.0,0.0,0.2499999925494193,2.51015305519104,0.10153067111968994,2.51015305519104,8.615184924565256e-06
418,0.0,0.0,0.2499999925494193,2.5081543922424316,0.08154308795928955,2.5081543922424316,8.615184924565256e-06
419,0.0,0.0,0.2499999925494193,2.510333776473999,0.10333740711212158,2.510333776473999,8.615184924565256e-06
420,0.0,0.0,0.2499999925494193,2.5086779594421387,0.08677864074707031,2.5086779594421387,8.615184924565256e-06
421,0.0,0.0,0.2499999925494193,2.511369466781616,0.11369478702545166,2.511369466781616,8.615184924565256e-06
422,0.0,0.0,0.2499999925494193,2.5090653896331787,0.09065306186676025,2.5090653896331787,8.615184924565256e-06
423,0.0,0.0,0.2499999925494193,2.5083467960357666,0.08346819877624512,2.5083467960357666,8.615184924565256e-06
424,0.0,0.0,0.2499999925494193,2.509688377380371,0.09688472747802734,2.509688377380371,8.615184924565256e-06
425,0.0,0.0,0.2499999925494193,2.509204864501953,0.09204745292663574,2.509204864501953,8.615184924565256e-06
426,0.0,0.0,0.2499999925494193,2.5089027881622314,0.08902847766876221,2.5089027881622314,8.615184924565256e-06
427,0.0,0.0,0.2499999925494193,2.5095016956329346,0.09501659870147705,2.5095016956329346,8.615184924565256e-06
428,0.0,0.0,0.2499999925494193,2.5076589584350586,0.07658994197845459,2.5076589584350586,8.615184924565256e-06
429,0.0,0.0,0.2499999925494193,2.5086514949798584,0.08651518821716309,2.5086514949798584,8.615184924565256e-06
430,0.0,0.0,0.2499999925494193,2.5095303058624268,0.09530293941497803,2.5095303058624268,8.615184924565256e-06
431,0.0,0.0,0.2499999925494193,2.506328582763672,0.06328511238098145,2.506328582763672,8.615184924565256e-06
432,0.0,0.0,0.2499999925494193,2.5066192150115967,0.066192626953125,2.5066192150115967,8.615184924565256e-06
433,0.0,0.0,0.2499999925494193,2.5086019039154053,0.08601844310760498,2.5086019039154053,8.615184924565256e-06
434,0.0,0.0,0.2499999925494193,2.5057272911071777,0.057271718978881836,2.5057272911071777,8.615184924565256e-06
435,0.0,0.0,0.2499999925494193,2.5076828002929688,0.0768287181854248,2.5076828002929688,8.615184924565256e-06
436,0.0,0.0,0.2499999925494193,2.508488655090332,0.08488678932189941,2.508488655090332,8.615184924565256e-06
437,0.0,0.0,0.2499999925494193,2.506296396255493,0.0629645586013794,2.506296396255493,8.615184924565256e-06
438,0.0,0.0,0.2499999925494193,2.5095512866973877,0.09551382064819336,2.5095512866973877,8.615184924565256e-06
439,0.0,0.0,0.2499999925494193,2.507647752761841,0.07647705078125,2.507647752761841,8.615184924565256e-06
440,0.0,0.0,0.2499999925494193,2.508110284805298,0.08110392093658447,2.508110284805298,8.615184924565256e-06
441,0.0,0.0,0.2499999925494193,2.507122278213501,0.07122230529785156,2.507122278213501,8.615184924565256e-06
442,0.0,0.0,0.2499999925494193,2.5065996646881104,0.06599605083465576,2.5065996646881104,8.615184924565256e-06
443,0.0,0.0,0.2499999925494193,2.507288932800293,0.07288956642150879,2.507288932800293,8.615184924565256e-06
444,0.0,0.0,0.2499999925494193,2.5067362785339355,0.06736361980438232,2.5067362785339355,8.615184924565256e-06
445,0.0,0.0,0.2499999925494193,2.5052077770233154,0.0520784854888916,2.5052077770233154,8.615184924565256e-06
446,0.0,0.0,0.2499999925494193,2.507964611053467,0.07964551448822021,2.507964611053467,8.615184924565256e-06
447,0.0,0.0,0.2499999925494193,2.507610559463501,0.07610630989074707,2.507610559463501,8.615184924565256e-06
448,0.0,0.0,0.2499999925494193,2.5062856674194336,0.06285572052001953,2.5062856674194336,8.615184924565256e-06
449,0.0,0.0,0.2499999925494193,2.5077733993530273,0.07773375511169434,2.5077733993530273,8.615184924565256e-06
450,0.0,0.0,0.2499999925494193,2.5071301460266113,0.07130146026611328,2.5071301460266113,8.615184924565256e-06
451,0.0,0.0,0.2499999925494193,2.5061023235321045,0.06102252006530762,2.5061023235321045,8.615184924565256e-06
452,0.0,0.0,0.2499999925494193,2.5063748359680176,0.06374883651733398,2.5063748359680176,8.615184924565256e-06
453,0.0,0.0,0.2499999925494193,2.5064806938171387,0.06480586528778076,2.5064806938171387,8.615184924565256e-06
454,0.0,0.0,0.2499999925494193,2.5057952404022217,0.0579524040222168,2.5057952404022217,8.615184924565256e-06
455,0.0,0.0,0.2499999925494193,2.506995916366577,0.06996023654937744,2.506995916366577,8.615184924565256e-06
456,0.0,0.0,0.2499999925494193,2.507206916809082,0.07206928730010986,2.507206916809082,8.615184924565256e-06
457,0.0,0.0,0.2499999925494193,2.5055603981018066,0.0556027889251709,2.5055603981018066,8.615184924565256e-06
458,0.0,0.0,0.2499999925494193,2.504868984222412,0.048690080642700195,2.504868984222412,8.615184924565256e-06
459,0.0,0.0,0.2499999925494193,2.50525164604187,0.05251634120941162,2.50525164604187,8.615184924565256e-06
460,0.0,0.0,0.2499999925494193,2.5056023597717285,0.056024789810180664,2.5056023597717285,8.615184924565256e-06
461,0.0,0.0,0.2499999925494193,2.506497383117676,0.0649726390838623,2.506497383117676,8.615184924565256e-06
462,0.0,0.0,0.2499999925494193,2.505289077758789,0.05288994312286377,2.505289077758789,8.615184924565256e-06
463,0.0,0.0,0.2499999925494193,2.505185842514038,0.051857590675354004,2.505185842514038,8.615184924565256e-06
464,0.0,0.0,0.2499999925494193,2.505181312561035,0.05181252956390381,2.505181312561035,8.615184924565256e-06
465,0.0,0.0,0.2499999925494193,2.5053882598876953,0.053882479667663574,2.5053882598876953,8.615184924565256e-06
466,0.0,0.0,0.2499999925494193,2.5058553218841553,0.058553099632263184,2.5058553218841553,8.615184924565256e-06
467,0.0,0.0,0.2499999925494193,2.505157232284546,0.05157172679901123,2.505157232284546,8.615184924565256e-06
468,0.0,0.0,0.2499999925494193,2.5054526329040527,0.0545269250869751,2.5054526329040527,8.615184924565256e-06
469,0.0,0.0,0.2499999925494193,2.5043280124664307,0.04328000545501709,2.5043280124664307,8.615184924565256e-06
470,0.0,0.0,0.2499999925494193,2.5047740936279297,0.04774045944213867,2.5047740936279297,8.615184924565256e-06
471,0.0,0.0,0.2499999925494193,2.5047545433044434,0.04754495620727539,2.5047545433044434,8.615184924565256e-06
472,0.0,0.0,0.2499999925494193,2.505115509033203,0.05115485191345215,2.505115509033203,8.615184924565256e-06
473,0.0,0.0,0.2499999925494193,2.504474639892578,0.0447465181350708,2.504474639892578,8.615184924565256e-06
474,0.0,0.0,0.2499999925494193,2.505919933319092,0.059200286865234375,2.505919933319092,8.615184924565256e-06
475,0.0,0.0,0.2499999925494193,2.5049257278442383,0.049257755279541016,2.5049257278442383,8.615184924565256e-06
476,0.0,0.0,0.2499999925494193,2.50419020652771,0.041902899742126465,2.50419020652771,8.615184924565256e-06
477,0.0,0.0,0.2499999925494193,2.50434947013855,0.043494343757629395,2.50434947013855,8.615184924565256e-06
478,0.0,0.0,0.2499999925494193,2.5056934356689453,0.05693495273590088,2.5056934356689453,8.615184924565256e-06
479,0.0,0.0,0.2499999925494193,2.504209041595459,0.04209160804748535,2.504209041595459,8.615184924565256e-06
480,0.0,0.0,0.2499999925494193,2.5039868354797363,0.039869070053100586,2.5039868354797363,8.615184924565256e-06
481,0.0,0.0,0.2499999925494193,2.5050878524780273,0.05087840557098389,2.5050878524780273,8.615184924565256e-06
482,0.0,0.0,0.2499999925494193,2.5037875175476074,0.037876009941101074,2.5037875175476074,8.615184924565256e-06
483,0.0,0.0,0.2499999925494193,2.5036439895629883,0.03644096851348877,2.5036439895629883,8.615184924565256e-06
484,0.0,0.0,0.2499999925494193,2.5043134689331055,0.04313516616821289,2.5043134689331055,8.615184924565256e-06
485,0.0,0.0,0.2499999925494193,2.5045411586761475,0.045412659645080566,2.5045411586761475,8.615184924565256e-06
486,0.0,0.0,0.2499999925494193,2.504364252090454,0.04364156723022461,2.504364252090454,8.615184924565256e-06
487,0.0,0.0,0.2499999925494193,2.504467248916626,0.04467344284057617,2.504467248916626,8.615184924565256e-06
488,0.0,0.0,0.2499999925494193,2.5035502910614014,0.03550314903259277,2.5035502910614014,8.615184924565256e-06
489,0.0,0.0,0.2499999925494193,2.5040557384490967,0.04055666923522949,2.5040557384490967,8.615184924565256e-06
490,0.0,0.0,0.2499999925494193,2.5032427310943604,0.03242754936218262,2.5032427310943604,8.615184924565256e-06
491,0.0,0.0,0.2499999925494193,2.5040576457977295,0.04057717323303223,2.5040576457977295,8.615184924565256e-06
492,0.0,0.0,0.2499999925494193,2.5037002563476562,0.0370028018951416,2.5037002563476562,8.615184924565256e-06
493,0.0,0.0,0.2499999925494193,2.5034775733947754,0.03477680683135986,2.5034775733947754,8.615184924565256e-06
494,0.0,0.0,0.2499999925494193,2.5038301944732666,0.03830146789550781,2.5038301944732666,8.615184924565256e-06
495,0.0,0.0,0.2499999925494193,2.503455400466919,0.034552931785583496,2.503455400466919,8.615184924565256e-06
496,0.0,0.0,0.2499999925494193,2.5041651725769043,0.041651129722595215,2.5041651725769043,8.615184924565256e-06
497,0.0,0.0,0.2499999925494193,2.503007411956787,0.030074477195739746,2.503007411956787,8.615184924565256e-06
498,0.0,0.0,0.2499999925494193,2.504129648208618,0.04129588603973389,2.504129648208618,8.615184924565256e-06
499,0.0,0.0,0.2499999925494193,2.5031917095184326,0.03191781044006348,2.5031917095184326,8.615184924565256e-06
500,0.0,0.0,0.2499999925494193,2.5028843879699707,0.028842687606811523,2.5028843879699707,8.615184924565256e-06
501,0.0,0.0,0.2499999925494193,2.5027384757995605,0.02738368511199951,2.5027384757995605,8.615184924565256e-06
502,0.0,0.0,0.2499999925494193,2.502943992614746,0.029439568519592285,2.502943992614746,8.615184924565256e-06
503,0.0,0.0,0.2499999925494193,2.503032922744751,0.030328869819641113,2.503032922744751,8.615184924565256e-06
504,0.0,0.0,0.2499999925494193,2.502631664276123,0.026317834854125977,2.502631664276123,8.615184924565256e-06
505,0.0,0.0,0.2499999925494193,2.50302791595459,0.030278325080871582,2.50302791595459,8.615184924565256e-06
506,0.0,0.0,0.2499999925494193,2.502876043319702,0.02876138687133789,2.502876043319702,8.615184924565256e-06
507,0.0,0.0,0.2499999925494193,2.5026533603668213,0.02653348445892334,2.5026533603668213,8.615184924565256e-06
508,0.0,0.0,0.2499999925494193,2.5025672912597656,0.025673866271972656,2.5025672912597656,8.615184924565256e-06
509,0.0,0.0,0.2499999925494193,2.5022928714752197,0.022928953170776367,2.5022928714752197,8.615184924565256e-06
510,0.0,0.0,0.2499999925494193,2.502814769744873,0.028148293495178223,2.502814769744873,8.615184924565256e-06
511,0.0,0.0,0.2499999925494193,2.5034399032592773,0.034400105476379395,2.5034399032592773,8.615184924565256e-06
512,0.0,0.0,0.2499999925494193,2.502486228942871,0.024862170219421387,2.502486228942871,8.615184924565256e-06
513,0.0,0.0,0.2499999925494193,2.502467632293701,0.024676203727722168,2.502467632293701,8.615184924565256e-06
514,0.0,0.0,0.2499999925494193,2.502523422241211,0.025234103202819824,2.502523422241211,8.615184924565256e-06
515,0.0,0.0,0.2499999925494193,2.5025956630706787,0.025955557823181152,2.5025956630706787,8.615184924565256e-06
516,0.0,0.0,0.2499999925494193,2.502411365509033,0.024112701416015625,2.502411365509033,8.615184924565256e-06
517,0.0,0.0,0.2499999925494193,2.502689838409424,0.026897788047790527,2.502689838409424,8.615184924565256e-06
518,0.0,0.0,0.2499999925494193,2.502293586730957,0.02293527126312256,2.502293586730957,8.615184924565256e-06
519,0.0,0.0,0.2499999925494193,2.5024425983428955,0.02442646026611328,2.5024425983428955,8.615184924565256e-06
520,0.0,0.0,0.2499999925494193,2.502617597579956,0.026175260543823242,2.502617597579956,8.615184924565256e-06
521,0.0,0.0,0.2499999925494193,2.5023269653320312,0.02326977252960205,2.5023269653320312,8.615184924565256e-06
522,0.0,0.0,0.2499999925494193,2.5020949840545654,0.020949244499206543,2.5020949840545654,8.615184924565256e-06
523,0.0,0.0,0.2499999925494193,2.5023069381713867,0.02306950092315674,2.5023069381713867,8.615184924565256e-06
524,0.0,0.0,0.2499999925494193,2.502251625061035,0.022516965866088867,2.502251625061035,8.615184924565256e-06
525,0.0,0.0,0.2499999925494193,2.5020997524261475,0.020998001098632812,2.5020997524261475,8.615184924565256e-06
526,0.0,0.0,0.2499999925494193,2.5022499561309814,0.022500276565551758,2.5022499561309814,8.615184924565256e-06
527,0.0,0.0,0.2499999925494193,2.5022616386413574,0.022615909576416016,2.5022616386413574,8.615184924565256e-06
528,0.0,0.0,0.2499999925494193,2.5021581649780273,0.02158176898956299,2.5021581649780273,8.615184924565256e-06
529,0.0,0.0,0.2499999925494193,2.5020430088043213,0.020429134368896484,2.5020430088043213,8.615184924565256e-06
530,0.0,0.0,0.2499999925494193,2.501894235610962,0.018943428993225098,2.501894235610962,8.615184924565256e-06
531,0.0,0.0,0.2499999925494193,2.502049446105957,0.02049398422241211,2.502049446105957,8.615184924565256e-06
532,0.0,0.0,0.2499999925494193,2.5022168159484863,0.022167325019836426,2.5022168159484863,8.615184924565256e-06
533,0.0,0.0,0.20412413914855784,2.5023720264434814,0.023720741271972656,2.5023720264434814,8.615184924565256e-06
534,0.0,0.0,0.2499999925494193,2.5021657943725586,0.021657109260559082,2.5021657943725586,8.615184924565256e-06
535,0.0,0.0,0.2499999925494193,2.502164363861084,0.021643757820129395,2.502164363861084,8.615184924565256e-06
536,0.0,0.0,0.2499999925494193,2.5019280910491943,0.01928091049194336,2.5019280910491943,8.615184924565256e-06
537,0.0,0.0,0.2499999925494193,2.5018725395202637,0.018726229667663574,2.5018725395202637,8.615184924565256e-06
538,0.0,0.0,0.2499999925494193,2.5017104148864746,0.017104387283325195,2.5017104148864746,8.615184924565256e-06
539,0.0,0.0,0.2499999925494193,2.5020272731781006,0.020271658897399902,2.5020272731781006,8.615184924565256e-06
540,0.0,0.0,0.2499999925494193,2.5022664070129395,0.022663354873657227,2.5022664070129395,8.615184924565256e-06
541,0.0,0.0,0.2499999925494193,2.502082586288452,0.020826220512390137,2.502082586288452,8.615184924565256e-06
542,0.0,0.0,0.2499999925494193,2.502032995223999,0.020330429077148438,2.502032995223999,8.615184924565256e-06
543,0.0,0.0,0.2499999925494193,2.501915216445923,0.01915276050567627,2.501915216445923,8.615184924565256e-06
544,0.0,0.0,0.2499999925494193,2.5019936561584473,0.01993691921234131,2.5019936561584473,8.615184924565256e-06
545,0.0,0.0,0.2499999925494193,2.502044200897217,0.020441889762878418,2.502044200897217,8.615184924565256e-06
546,0.0,0.0,0.2499999925494193,2.501779794692993,0.01779794692993164,2.501779794692993,8.615184924565256e-06
547,0.0,0.0,0.2499999925494193,2.5018422603607178,0.018422961235046387,2.5018422603607178,8.615184924565256e-06
548,0.0,0.0,0.2499999925494193,2.501756191253662,0.01756143569946289,2.501756191253662,8.615184924565256e-06
549,0.0,0.0,0.2499999925494193,2.501762866973877,0.017629146575927734,2.501762866973877,8.615184924565256e-06
550,0.0,0.0,0.2499999925494193,2.5019078254699707,0.019077062606811523,2.5019078254699707,8.615184924565256e-06
551,0.0,0.0,0.2499999925494193,2.5018558502197266,0.018558025360107422,2.5018558502197266,8.615184924565256e-06
552,0.0,0.0,0.2499999925494193,2.501908302307129,0.019082188606262207,2.501908302307129,8.615184924565256e-06
553,0.0,0.0,0.2499999925494193,2.501783609390259,0.017835140228271484,2.501783609390259,8.615184924565256e-06
554,0.0,0.0,0.2499999925494193,2.5016586780548096,0.016585826873779297,2.5016586780548096,8.615184924565256e-06
555,0.0,0.0,0.2499999925494193,2.501809597015381,0.018096327781677246,2.501809597015381,8.615184924565256e-06
556,0.0,0.0,0.2499999925494193,2.5018203258514404,0.018203377723693848,2.5018203258514404,8.615184924565256e-06
557,0.0,0.0,0.2499999925494193,2.501749038696289,0.01748955249786377,2.501749038696289,8.615184924565256e-06
558,0.0,0.0,0.2499999925494193,2.5018160343170166,0.018161416053771973,2.5018160343170166,8.615184924565256e-06
559,0.0,0.0,0.2499999925494193,2.5015106201171875,0.015105366706848145,2.5015106201171875,8.615184924565256e-06
560,0.0,0.0,0.2499999925494193,2.5017755031585693,0.017755627632141113,2.5017755031585693,8.615184924565256e-06
561,0.0,0.0,0.2499999925494193,2.5016167163848877,0.01616692543029785,2.5016167163848877,8.615184924565256e-06
562,0.0,0.0,0.2499999925494193,2.501772880554199,0.017728805541992188,2.501772880554199,8.615184924565256e-06
563,0.0,0.0,0.2499999925494193,2.5017011165618896,0.01701176166534424,2.5017011165618896,8.615184924565256e-06
564,0.0,0.0,0.2499999925494193,2.501551866531372,0.015519380569458008,2.501551866531372,8.615184924565256e-06
565,0.0,0.0,0.2499999925494193,2.5016884803771973,0.0168839693069458,2.5016884803771973,8.615184924565256e-06
566,0.0,0.0,0.2499999925494193,2.5016379356384277,0.016378283500671387,2.5016379356384277,8.615184924565256e-06
567,0.0,0.0,0.2499999925494193,2.501566171646118,0.015662074089050293,2.501566171646118,8.615184924565256e-06
568,0.0,0.0,0.2499999925494193,2.5017025470733643,0.017025470733642578,2.5017025470733643,8.615184924565256e-06
569,0.0,0.0,0.2499999925494193,2.5014936923980713,0.014937281608581543,2.5014936923980713,8.615184924565256e-06
570,0.0,0.0,0.2499999925494193,2.5016510486602783,0.016510725021362305,2.5016510486602783,8.615184924565256e-06
571,0.0,0.0,0.2499999925494193,2.5016610622406006,0.01661062240600586,2.5016610622406006,8.615184924565256e-06
572,0.0,0.0,0.2499999925494193,2.5014467239379883,0.01446831226348877,2.5014467239379883,8.615184924565256e-06
573,0.0,0.0,0.2499999925494193,2.5016329288482666,0.016330242156982422,2.5016329288482666,8.615184924565256e-06
574,0.0,0.0,0.2499999925494193,2.5015769004821777,0.01576972007751465,2.5015769004821777,8.615184924565256e-06
575,0.0,0.0,0.2499999925494193,2.5016238689422607,0.016239404678344727,2.5016238689422607,8.615184924565256e-06
576,0.0,0.0,0.2499999925494193,2.5015718936920166,0.01571965217590332,2.5015718936920166,8.615184924565256e-06
577,0.0,0.0,0.2499999925494193,2.501514434814453,0.015145063400268555,2.501514434814453,8.615184924565256e-06
578,0.0,0.0,0.2499999925494193,2.501636505126953,0.016365528106689453,2.501636505126953,8.615184924565256e-06
579,0.0,0.0,0.2499999925494193,2.501487970352173,0.01488029956817627,2.501487970352173,8.615184924565256e-06
580,0.0,0.0,0.2499999925494193,2.501551628112793,0.015516281127929688,2.501551628112793,8.615184924565256e-06
581,0.0,0.0,0.2499999925494193,2.501457452774048,0.014573454856872559,2.501457452774048,8.615184924565256e-06
582,0.0,0.0,0.2499999925494193,2.5016732215881348,0.016733169555664062,2.5016732215881348,8.615184924565256e-06
583,0.0,0.0,0.2499999925494193,2.501579999923706,0.0158005952835083,2.501579999923706,8.615184924565256e-06
584,0.0,0.0,0.2499999925494193,2.501474618911743,0.014745712280273438,2.501474618911743,8.615184924565256e-06
585,0.0,0.0,0.2499999925494193,2.50146746635437,0.014674067497253418,2.50146746635437,8.615184924565256e-06
586,0.0,0.0,0.2499999925494193,2.50148344039917,0.014833331108093262,2.50148344039917,8.615184924565256e-06
587,0.0,0.0,0.2499999925494193,2.501553773880005,0.015538811683654785,2.501553773880005,8.615184924565256e-06
588,0.0,0.0,0.2499999925494193,2.5015621185302734,0.01562201976776123,2.5015621185302734,8.615184924565256e-06
589,0.0,0.0,0.2499999925494193,2.501471519470215,0.014714956283569336,2.501471519470215,8.615184924565256e-06
590,0.0,0.0,0.2499999925494193,2.5014021396636963,0.014020919799804688,2.5014021396636963,8.615184924565256e-06
591,0.0,0.0,0.2499999925494193,2.5014259815216064,0.014259696006774902,2.5014259815216064,8.615184924565256e-06
592,0.0,0.0,0.2499999925494193,2.501516342163086,0.015162825584411621,2.501516342163086,8.615184924565256e-06
593,0.0,0.0,0.2499999925494193,2.5013844966888428,0.013845324516296387,2.5013844966888428,8.615184924565256e-06
594,0.0,0.0,0.2499999925494193,2.50140118598938,0.014011144638061523,2.50140118598938,8.615184924565256e-06
595,0.0,0.0,0.2499999925494193,2.5013556480407715,0.013556718826293945,2.5013556480407715,8.615184924565256e-06
596,0.0,0.0,0.2499999925494193,2.5014612674713135,0.014612793922424316,2.5014612674713135,8.615184924565256e-06
597,0.0,0.0,0.2499999925494193,2.5013937950134277,0.013937711715698242,2.5013937950134277,8.615184924565256e-06
598,0.0,0.0,0.2499999925494193,2.501358985900879,0.013588666915893555,2.501358985900879,8.615184924565256e-06
599,0.0,0.0,0.2499999925494193,2.5013926029205322,0.013926863670349121,2.5013926029205322,8.615184924565256e-06
600,0.0,0.0,0.2499999925494193,2.5013201236724854,0.013202071189880371,2.5013201236724854,8.615184924565256e-06
601,0.0,0.0,0.2499999925494193,2.501302719116211,0.013026952743530273,2.501302719116211,8.615184924565256e-06
602,0.0,0.0,0.2499999925494193,2.501434326171875,0.01434326171875,2.501434326171875,8.615184924565256e-06
603,0.0,0.0,0.2499999925494193,2.5012640953063965,0.012640833854675293,2.5012640953063965,8.615184924565256e-06
604,0.0,0.0,0.2499999925494193,2.5013298988342285,0.013298988342285156,2.5013298988342285,8.615184924565256e-06
605,0.0,0.0,0.2499999925494193,2.5013351440429688,0.013351798057556152,2.5013351440429688,8.615184924565256e-06
606,0.0,0.0,0.2499999925494193,2.5013678073883057,0.013677835464477539,2.5013678073883057,8.615184924565256e-06
607,0.0,0.0,0.2499999925494193,2.501396656036377,0.01396632194519043,2.501396656036377,8.615184924565256e-06
608,0.0,0.0,0.2499999925494193,2.501296043395996,0.012959957122802734,2.501296043395996,8.615184924565256e-06
609,0.0,0.0,0.2499999925494193,2.5013701915740967,0.013702392578125,2.5013701915740967,8.615184924565256e-06
610,0.0,0.0,0.2499999925494193,2.5013396739959717,0.013396978378295898,2.5013396739959717,8.615184924565256e-06
611,0.0,0.0,0.2499999925494193,2.5012824535369873,0.01282346248626709,2.5012824535369873,8.615184924565256e-06
612,0.0,0.0,0.2499999925494193,2.5013530254364014,0.013530135154724121,2.5013530254364014,8.615184924565256e-06
613,0.0,0.0,0.2499999925494193,2.501293182373047,0.012932538986206055,2.501293182373047,8.615184924565256e-06
614,0.0,0.0,0.2499999925494193,2.501284599304199,0.012845754623413086,2.501284599304199,8.615184924565256e-06
615,0.0,0.0,0.2499999925494193,2.501309394836426,0.013093233108520508,2.501309394836426,8.615184924565256e-06
616,0.0,0.0,0.2499999925494193,2.5012366771698,0.012367844581604004,2.5012366771698,8.615184924565256e-06
617,0.0,0.0,0.2499999925494193,2.5012991428375244,0.012992262840270996,2.5012991428375244,8.615184924565256e-06
618,0.0,0.0,0.2499999925494193,2.5012378692626953,0.012379884719848633,2.5012378692626953,8.615184924565256e-06
619,0.0,0.0,0.2499999925494193,2.50131893157959,0.01318812370300293,2.50131893157959,8.615184924565256e-06
620,0.0,0.0,0.2499999925494193,2.5012426376342773,0.012425422668457031,2.5012426376342773,8.615184924565256e-06
621,0.0,0.0,0.2499999925494193,2.501309871673584,0.013098359107971191,2.501309871673584,8.615184924565256e-06
622,0.0,0.0,0.2499999925494193,2.5012640953063965,0.0126417875289917,2.5012640953063965,8.615184924565256e-06
623,0.0,0.0,0.2499999925494193,2.50126314163208,0.012632012367248535,2.50126314163208,8.615184924565256e-06
624,0.0,0.0,0.2499999925494193,2.5013322830200195,0.01332390308380127,2.5013322830200195,8.615184924565256e-06
625,0.0,0.0,0.2499999925494193,2.5012333393096924,0.012332320213317871,2.5012333393096924,8.615184924565256e-06
626,0.0,0.0,0.2499999925494193,2.5011472702026367,0.011472105979919434,2.5011472702026367,8.615184924565256e-06
627,0.0,0.0,0.2499999925494193,2.5012295246124268,0.012294769287109375,2.5012295246124268,8.615184924565256e-06
628,0.0,0.0,0.2499999925494193,2.501254081726074,0.012540221214294434,2.501254081726074,8.615184924565256e-06
629,0.0,0.0,0.2499999925494193,2.501227617263794,0.0122758150100708,2.501227617263794,8.615184924565256e-06
630,0.0,0.0,0.2499999925494193,2.50119686126709,0.011969327926635742,2.50119686126709,8.615184924565256e-06
631,0.0,0.0,0.2499999925494193,2.5012214183807373,0.012214183807373047,2.5012214183807373,8.615184924565256e-06
632,0.0,0.0,0.2499999925494193,2.5012190341949463,0.01219022274017334,2.5012190341949463,8.615184924565256e-06
633,0.0,0.0,0.2499999925494193,2.501246452331543,0.012465476989746094,2.501246452331543,8.615184924565256e-06
634,0.0,0.0,0.2499999925494193,2.5012269020080566,0.012269377708435059,2.5012269020080566,8.615184924565256e-06
635,0.0,0.0,0.2499999925494193,2.5011792182922363,0.011791229248046875,2.5011792182922363,8.615184924565256e-06
636,0.0,0.0,0.2499999925494193,2.5011963844299316,0.01196277141571045,2.5011963844299316,8.615184924565256e-06
637,0.0,0.0,0.2499999925494193,2.50114107131958,0.011409759521484375,2.50114107131958,8.615184924565256e-06
638,0.0,0.0,0.2499999925494193,2.5011515617370605,0.011515498161315918,2.5011515617370605,8.615184924565256e-06
639,0.0,0.0,0.2499999925494193,2.5011725425720215,0.011724233627319336,2.5011725425720215,8.615184924565256e-06
640,0.0,0.0,0.2499999925494193,2.5011537075042725,0.011537313461303711,2.5011537075042725,8.615184924565256e-06
641,0.0,0.0,0.2499999925494193,2.501126289367676,0.011262774467468262,2.501126289367676,8.615184924565256e-06
642,0.0,0.0,0.2499999925494193,2.501216173171997,0.012160658836364746,2.501216173171997,8.615184924565256e-06
643,0.0,0.0,0.2499999925494193,2.501176595687866,0.011766910552978516,2.501176595687866,8.615184924565256e-06
644,0.0,0.0,0.2499999925494193,2.5012145042419434,0.012145280838012695,2.5012145042419434,8.615184924565256e-06
645,0.0,0.0,0.2499999925494193,2.5011696815490723,0.011697530746459961,2.5011696815490723,8.615184924565256e-06
646,0.0,0.0,0.2499999925494193,2.5011744499206543,0.011743545532226562,2.5011744499206543,8.615184924565256e-06
647,0.0,0.0,0.2499999925494193,2.501121759414673,0.011218547821044922,2.501121759414673,8.615184924565256e-06
648,0.0,0.0,0.2499999925494193,2.5010952949523926,0.010953545570373535,2.5010952949523926,8.615184924565256e-06
649,0.0,0.0,0.2499999925494193,2.5011730194091797,0.011730551719665527,2.5011730194091797,8.615184924565256e-06
650,0.0,0.0,0.2499999925494193,2.5011532306671143,0.011532068252563477,2.5011532306671143,8.615184924565256e-06
651,0.0,0.0,0.2499999925494193,2.5011324882507324,0.011323809623718262,2.5011324882507324,8.615184924565256e-06
652,0.0,0.0,0.2499999925494193,2.501190423965454,0.011903762817382812,2.501190423965454,8.615184924565256e-06
653,0.0,0.0,0.2499999925494193,2.5011253356933594,0.011252999305725098,2.5011253356933594,8.615184924565256e-06
654,0.0,0.0,0.2499999925494193,2.5011157989501953,0.011159062385559082,2.5011157989501953,8.615184924565256e-06
655,0.0,0.0,0.2499999925494193,2.5010743141174316,0.010744333267211914,2.5010743141174316,8.615184924565256e-06
656,0.0,0.0,0.2499999925494193,2.501115322113037,0.01115274429321289,2.501115322113037,8.615184924565256e-06
657,0.0,0.0,0.2499999925494193,2.5010874271392822,0.010874748229980469,2.5010874271392822,8.615184924565256e-06
658,0.0,0.0,0.2499999925494193,2.5010626316070557,0.010625720024108887,2.5010626316070557,8.615184924565256e-06
659,0.0,0.0,0.2499999925494193,2.5010874271392822,0.010874271392822266,2.5010874271392822,8.615184924565256e-06
660,0.0,0.0,0.2499999925494193,2.501121997833252,0.011219501495361328,2.501121997833252,8.615184924565256e-06
661,0.0,0.0,0.2499999925494193,2.501081943511963,0.010820269584655762,2.501081943511963,8.615184924565256e-06
662,0.0,0.0,0.2499999925494193,2.501126289367676,0.011261940002441406,2.501126289367676,8.615184924565256e-06
663,0.0,0.0,0.2499999925494193,2.5010783672332764,0.010784029960632324,2.5010783672332764,8.615184924565256e-06
664,0.0,0.0,0.2499999925494193,2.5010879039764404,0.010878920555114746,2.5010879039764404,8.615184924565256e-06
665,0.0,0.0,0.2499999925494193,2.501096725463867,0.010968208312988281,2.501096725463867,8.615184924565256e-06
666,0.0,0.0,0.2499999925494193,2.5011203289031982,0.011203527450561523,2.5011203289031982,8.615184924565256e-06
667,0.0,0.0,0.2499999925494193,2.5010838508605957,0.010838508605957031,2.5010838508605957,8.615184924565256e-06
668,0.0,0.0,0.2499999925494193,2.5010488033294678,0.010487079620361328,2.5010488033294678,8.615184924565256e-06
669,0.0,0.0,0.2499999925494193,2.5010781288146973,0.0107804536819458,2.5010781288146973,8.615184924565256e-06
670,0.0,0.0,0.2499999925494193,2.501020669937134,0.010207056999206543,2.501020669937134,8.615184924565256e-06
671,0.0,0.0,0.2499999925494193,2.5010945796966553,0.010946393013000488,2.5010945796966553,8.615184924565256e-06
672,0.0,0.0,0.2499999925494193,2.501067638397217,0.010676980018615723,2.501067638397217,8.615184924565256e-06
673,0.0,0.0,0.2499999925494193,2.501056671142578,0.0105665922164917,2.501056671142578,8.615184924565256e-06
674,0.0,0.0,0.2499999925494193,2.501018524169922,0.010184288024902344,2.501018524169922,8.615184924565256e-06
675,0.0,0.0,0.2499999925494193,2.5010550022125244,0.010550618171691895,2.5010550022125244,8.615184924565256e-06
676,0.0,0.0,0.2499999925494193,2.501028299331665,0.010282158851623535,2.501028299331665,8.615184924565256e-06
677,0.0,0.0,0.2499999925494193,2.5010619163513184,0.010617971420288086,2.5010619163513184,8.615184924565256e-06
678,0.0,0.0,0.2499999925494193,2.501042366027832,0.01042473316192627,2.501042366027832,8.615184924565256e-06
679,0.0,0.0,0.2499999925494193,2.5010194778442383,0.010195374488830566,2.5010194778442383,8.615184924565256e-06
680,0.0,0.0,0.2499999925494193,2.501002550125122,0.010024785995483398,2.501002550125122,8.615184924565256e-06
681,0.0,0.0,0.2499999925494193,2.5010225772857666,0.010226845741271973,2.5010225772857666,8.615184924565256e-06
682,0.0,0.0,0.2499999925494193,2.5010406970977783,0.010407328605651855,2.5010406970977783,8.615184924565256e-06
683,0.0,0.0,0.2499999925494193,2.501007556915283,0.010076642036437988,2.501007556915283,8.615184924565256e-06
684,0.0,0.0,0.2499999925494193,2.50101637840271,0.010164856910705566,2.50101637840271,8.615184924565256e-06
685,0.0,0.0,0.2499999925494193,2.5009610652923584,0.009611248970031738,2.5009610652923584,8.615184924565256e-06
686,0.0,0.0,0.2499999925494193,2.5009641647338867,0.009642720222473145,2.5009641647338867,8.615184924565256e-06
687,0.0,0.0,0.2499999925494193,2.5009894371032715,0.009894490242004395,2.5009894371032715,8.615184924565256e-06
688,0.0,0.0,0.2499999925494193,2.50101375579834,0.010138154029846191,2.50101375579834,8.615184924565256e-06
689,0.0,0.0,0.2499999925494193,2.5010104179382324,0.01010441780090332,2.5010104179382324,8.615184924565256e-06
690,0.0,0.0,0.2499999925494193,2.5009570121765137,0.009569644927978516,2.5009570121765137,8.615184924565256e-06
691,0.0,0.0,0.2499999925494193,2.5009970664978027,0.00997006893157959,2.5009970664978027,8.615184924565256e-06
692,0.0,0.0,0.2499999925494193,2.5009727478027344,0.009727001190185547,2.5009727478027344,8.615184924565256e-06
693,0.0,0.0,0.2499999925494193,2.5009546279907227,0.00954580307006836,2.5009546279907227,8.615184924565256e-06
694,0.0,0.0,0.2499999925494193,2.5009868144989014,0.00986790657043457,2.5009868144989014,8.615184924565256e-06
695,0.0,0.0,0.2499999925494193,2.5009939670562744,0.009939074516296387,2.5009939670562744,8.615184924565256e-06
696,0.0,0.0,0.2499999925494193,2.5009708404541016,0.009707808494567871,2.5009708404541016,8.615184924565256e-06
697,0.0,0.0,0.2499999925494193,2.5009548664093018,0.00954890251159668,2.5009548664093018,8.615184924565256e-06
698,0.0,0.0,0.2499999925494193,2.500985622406006,0.00985705852508545,2.500985622406006,8.615184924565256e-06
699,0.0,0.0,0.2499999925494193,2.50097393989563,0.00973975658416748,2.50097393989563,8.615184924565256e-06
700,0.0,0.0,0.2499999925494193,2.500960350036621,0.009602665901184082,2.500960350036621,8.615184924565256e-06
701,0.0,0.0,0.2499999925494193,2.5009727478027344,0.009728670120239258,2.5009727478027344,8.615184924565256e-06
702,0.0,0.0,0.2499999925494193,2.500938892364502,0.009390115737915039,2.500938892364502,8.615184924565256e-06
703,0.0,0.0,0.2499999925494193,2.5009765625,0.009764790534973145,2.5009765625,8.615184924565256e-06
704,0.0,0.0,0.2499999925494193,2.50097393989563,0.009739518165588379,2.50097393989563,8.615184924565256e-06
705,0.0,0.0,0.2499999925494193,2.5009708404541016,0.009707927703857422,2.5009708404541016,8.615184924565256e-06
706,0.0,0.0,0.2499999925494193,2.5009450912475586,0.009451746940612793,2.5009450912475586,8.615184924565256e-06
707,0.0,0.0,0.2499999925494193,2.5009217262268066,0.009216666221618652,2.5009217262268066,8.615184924565256e-06
708,0.0,0.0,0.2499999925494193,2.500951051712036,0.009510993957519531,2.500951051712036,8.615184924565256e-06
709,0.0,0.0,0.2499999925494193,2.5009381771087646,0.009382843971252441,2.5009381771087646,8.615184924565256e-06
710,0.0,0.0,0.2499999925494193,2.5009207725524902,0.0092087984085083,2.5009207725524902,8.615184924565256e-06
711,0.0,0.0,0.2499999925494193,2.5009613037109375,0.009613513946533203,2.5009613037109375,8.615184924565256e-06
712,0.0,0.0,0.2499999925494193,2.5009305477142334,0.00930476188659668,2.5009305477142334,8.615184924565256e-06
713,0.0,0.0,0.2499999925494193,2.500910758972168,0.009108662605285645,2.500910758972168,8.615184924565256e-06
714,0.0,0.0,0.2499999925494193,2.5009214878082275,0.009214639663696289,2.5009214878082275,8.615184924565256e-06
715,0.0,0.0,0.2499999925494193,2.500945806503296,0.009458303451538086,2.500945806503296,8.615184924565256e-06
716,0.0,0.0,0.2499999925494193,2.5008959770202637,0.008958578109741211,2.5008959770202637,8.615184924565256e-06
717,0.0,0.0,0.2499999925494193,2.5009334087371826,0.009333252906799316,2.5009334087371826,8.615184924565256e-06
718,0.0,0.0,0.2499999925494193,2.500922679901123,0.009226560592651367,2.500922679901123,8.615184924565256e-06
719,0.0,0.0,0.2499999925494193,2.5009195804595947,0.009195327758789062,2.5009195804595947,8.615184924565256e-06
720,0.0,0.0,0.2499999925494193,2.5009377002716064,0.009376883506774902,2.5009377002716064,8.615184924565256e-06
721,0.0,0.0,0.2499999925494193,2.50089430809021,0.008942008018493652,2.50089430809021,8.615184924565256e-06
722,0.0,0.0,0.2499999925494193,2.500919818878174,0.009197235107421875,2.500919818878174,8.615184924565256e-06
723,0.0,0.0,0.2499999925494193,2.500926971435547,0.009270310401916504,2.500926971435547,8.615184924565256e-06
724,0.0,0.0,0.2499999925494193,2.50091814994812,0.009181499481201172,2.50091814994812,8.615184924565256e-06
725,0.0,0.0,0.2499999925494193,2.5009071826934814,0.009072184562683105,2.5009071826934814,8.615184924565256e-06
726,0.0,0.0,0.2499999925494193,2.5009095668792725,0.009096264839172363,2.5009095668792725,8.615184924565256e-06
727,0.0,0.0,0.2499999925494193,2.500906229019165,0.009063124656677246,2.500906229019165,8.615184924565256e-06
728,0.0,0.0,0.2499999925494193,2.500899314880371,0.008994340896606445,2.500899314880371,8.615184924565256e-06
729,0.0,0.0,0.2499999925494193,2.5009098052978516,0.00909721851348877,2.5009098052978516,8.615184924565256e-06
730,0.0,0.0,0.2499999925494193,2.500897169113159,0.00897228717803955,2.500897169113159,8.615184924565256e-06
731,0.0,0.0,0.2499999925494193,2.5008859634399414,0.008858799934387207,2.5008859634399414,8.615184924565256e-06
732,0.0,0.0,0.2499999925494193,2.500880718231201,0.008807182312011719,2.500880718231201,8.615184924565256e-06
733,0.0,0.0,0.2499999925494193,2.5008857250213623,0.008858203887939453,2.5008857250213623,8.615184924565256e-06
734,0.0,0.0,0.2499999925494193,2.5008885860443115,0.008884787559509277,2.5008885860443115,8.615184924565256e-06
735,0.0,0.0,0.2499999925494193,2.500892162322998,0.008920788764953613,2.500892162322998,8.615184924565256e-06
736,0.0,0.0,0.2499999925494193,2.5008764266967773,0.00876474380493164,2.5008764266967773,8.615184924565256e-06
737,0.0,0.0,0.2499999925494193,2.5008811950683594,0.008811712265014648,2.5008811950683594,8.615184924565256e-06
738,0.0,0.0,0.2499999925494193,2.5008838176727295,0.008838653564453125,2.5008838176727295,8.615184924565256e-06
739,0.0,0.0,0.2499999925494193,2.5008583068847656,0.008584141731262207,2.5008583068847656,8.615184924565256e-06
740,0.0,0.0,0.2499999925494193,2.5008838176727295,0.00883781909942627,2.5008838176727295,8.615184924565256e-06
741,0.0,0.0,0.2499999925494193,2.5008609294891357,0.008608579635620117,2.5008609294891357,8.615184924565256e-06
742,0.0,0.0,0.2499999925494193,2.5008280277252197,0.008279681205749512,2.5008280277252197,8.615184924565256e-06
743,0.0,0.0,0.2499999925494193,2.500866651535034,0.008666276931762695,2.500866651535034,8.615184924565256e-06
744,0.0,0.0,0.2499999925494193,2.50087833404541,0.008783102035522461,2.50087833404541,8.615184924565256e-06
745,0.0,0.0,0.2499999925494193,2.500880002975464,0.008799433708190918,2.500880002975464,8.615184924565256e-06
746,0.0,0.0,0.2499999925494193,2.5008296966552734,0.008296847343444824,2.5008296966552734,8.615184924565256e-06
747,0.0,0.0,0.2499999925494193,2.5008654594421387,0.008655428886413574,2.5008654594421387,8.615184924565256e-06
748,0.0,0.0,0.2499999925494193,2.5008392333984375,0.008393526077270508,2.5008392333984375,8.615184924565256e-06
749,0.0,0.0,0.2499999925494193,2.5008749961853027,0.008749246597290039,2.5008749961853027,8.615184924565256e-06
750,0.0,0.0,0.2499999925494193,2.500854015350342,0.008539676666259766,2.500854015350342,8.615184924565256e-06
751,0.0,0.0,0.2499999925494193,2.500847578048706,0.008476018905639648,2.500847578048706,8.615184924565256e-06
752,0.0,0.0,0.2499999925494193,2.5008394718170166,0.008395552635192871,2.5008394718170166,8.615184924565256e-06
753,0.0,0.0,0.2499999925494193,2.5008580684661865,0.008579611778259277,2.5008580684661865,8.615184924565256e-06
754,0.0,0.0,0.2499999925494193,2.5008461475372314,0.0084611177444458,2.5008461475372314,8.615184924565256e-06
755,0.0,0.0,0.2499999925494193,2.5008511543273926,0.008510351181030273,2.5008511543273926,8.615184924565256e-06
756,0.0,0.0,0.2499999925494193,2.500837802886963,0.008378863334655762,2.500837802886963,8.615184924565256e-06
757,0.0,0.0,0.2499999925494193,2.500850200653076,0.008501648902893066,2.500850200653076,8.615184924565256e-06
758,0.0,0.0,0.2499999925494193,2.5008533000946045,0.008533954620361328,2.5008533000946045,8.615184924565256e-06
759,0.0,0.0,0.2499999925494193,2.500850200653076,0.008503079414367676,2.500850200653076,8.615184924565256e-06
760,0.0,0.0,0.2499999925494193,2.5008249282836914,0.008249044418334961,2.5008249282836914,8.615184924565256e-06
761,0.0,0.0,0.2499999925494193,2.500826120376587,0.008262038230895996,2.500826120376587,8.615184924565256e-06
762,0.0,0.0,0.2499999925494193,2.500824451446533,0.008243560791015625,2.500824451446533,8.615184924565256e-06
763,0.0,0.0,0.2499999925494193,2.500821590423584,0.008215785026550293,2.500821590423584,8.615184924565256e-06
764,0.0,0.0,0.2499999925494193,2.500821828842163,0.008217573165893555,2.500821828842163,8.615184924565256e-06
765,0.0,0.0,0.2499999925494193,2.500826358795166,0.00826406478881836,2.500826358795166,8.615184924565256e-06
766,0.0,0.0,0.2499999925494193,2.5008203983306885,0.00820302963256836,2.5008203983306885,8.615184924565256e-06
767,0.0,0.0,0.2499999925494193,2.5007970333099365,0.00796961784362793,2.5007970333099365,8.615184924565256e-06
768,0.0,0.0,0.2499999925494193,2.5008158683776855,0.008158206939697266,2.5008158683776855,8.615184924565256e-06
769,0.0,0.0,0.2499999925494193,2.5007944107055664,0.007944703102111816,2.5007944107055664,8.615184924565256e-06
770,0.0,0.0,0.2499999925494193,2.5008058547973633,0.008059501647949219,2.5008058547973633,8.615184924565256e-06
771,0.0,0.0,0.2499999925494193,2.500804901123047,0.008048415184020996,2.500804901123047,8.615184924565256e-06
772,0.0,0.0,0.2499999925494193,2.500800848007202,0.008008241653442383,2.500800848007202,8.615184924565256e-06
773,0.0,0.0,0.2499999925494193,2.5008084774017334,0.008084654808044434,2.5008084774017334,8.615184924565256e-06
774,0.0,0.0,0.2499999925494193,2.500805616378784,0.008056282997131348,2.500805616378784,8.615184924565256e-06
775,0.0,0.0,0.2499999925494193,2.5007965564727783,0.007965683937072754,2.5007965564727783,8.615184924565256e-06
776,0.0,0.0,0.2499999925494193,2.5007829666137695,0.007830262184143066,2.5007829666137695,8.615184924565256e-06
777,0.0,0.0,0.2499999925494193,2.5007965564727783,0.007965683937072754,2.5007965564727783,8.615184924565256e-06
778,0.0,0.0,0.2499999925494193,2.5007967948913574,0.007969021797180176,2.5007967948913574,8.615184924565256e-06
779,0.0,0.0,0.2499999925494193,2.500802516937256,0.008025646209716797,2.500802516937256,8.615184924565256e-06
780,0.0,0.0,0.2499999925494193,2.500800609588623,0.008005976676940918,2.500800609588623,8.615184924565256e-06
781,0.0,0.0,0.2499999925494193,2.500762701034546,0.007626533508300781,2.500762701034546,8.615184924565256e-06
782,0.0,0.0,0.2499999925494193,2.5007870197296143,0.00787043571472168,2.5007870197296143,8.615184924565256e-06
783,0.0,0.0,0.2499999925494193,2.5007870197296143,0.00787055492401123,2.5007870197296143,8.615184924565256e-06
784,0.0,0.0,0.2499999925494193,2.5007967948913574,0.007968306541442871,2.5007967948913574,8.615184924565256e-06
785,0.0,0.0,0.2499999925494193,2.500774621963501,0.00774693489074707,2.500774621963501,8.615184924565256e-06
786,0.0,0.0,0.2499999925494193,2.5007822513580322,0.00782322883605957,2.5007822513580322,8.615184924565256e-06
787,0.0,0.0,0.2499999925494193,2.5007760524749756,0.007761478424072266,2.5007760524749756,8.615184924565256e-06
788,0.0,0.0,0.2499999925494193,2.5007662773132324,0.007663726806640625,2.5007662773132324,8.615184924565256e-06
789,0.0,0.0,0.2499999925494193,2.500772476196289,0.0077245235443115234,2.500772476196289,8.615184924565256e-06
790,0.0,0.0,0.2499999925494193,2.5007896423339844,0.007896661758422852,2.5007896423339844,8.615184924565256e-06
791,0.0,0.0,0.2499999925494193,2.5007741451263428,0.0077419281005859375,2.5007741451263428,8.615184924565256e-06
