0,0.5272727608680725,0.657575786113739,0.3720622073705375,2995.68115234375,1.1829538345336914,2995.68115234375,0.3720622073705375
1,0.9318182468414307,0.9348484873771667,0.3713608745353104,2975.0166015625,1.1582908630371094,2975.0166015625,0.3713608745353104
2,1.2166666984558105,1.0977272987365723,0.43752083792858754,2961.109619140625,1.1813030242919922,2961.109619140625,0.43752083792858754
3,0.9863636493682861,1.0431817770004272,0.43253479614579904,2976.7529296875,1.1562213897705078,2976.7529296875,0.43253479614579904
4,2.0651514530181885,1.385606050491333,0.44678144563102723,2920.4375,1.1591134071350098,2920.4375,0.44678144563102723
5,2.5537877082824707,1.4765151739120483,0.4498780962981421,2901.365234375,1.1495213508605957,2901.365234375,0.4498780962981421
6,3.0,1.6984847784042358,0.4579268863545902,2866.380615234375,1.1273094415664673,2866.380615234375,0.4579268863545902
7,3.9878790378570557,1.8893938064575195,0.46284025493776554,2832.47509765625,1.118412971496582,2832.47509765625,0.46284025493776554
8,4.724999904632568,2.196969747543335,0.5094381885157504,2809.2294921875,1.1204653978347778,2809.2294921875,0.5094381885157504
9,5.188636302947998,2.247727394104004,0.49318202275921785,2789.36669921875,1.1142632961273193,2789.36669921875,0.49318202275921785
10,6.084090709686279,2.5545454025268555,0.5730896537578143,2759.531005859375,1.1253160238265991,2759.531005859375,0.5730896537578143
11,7.678788185119629,2.8045454025268555,0.5578950770698206,2685.400146484375,1.0868537425994873,2685.400146484375,0.5578950770698206
12,9.18636417388916,3.0204546451568604,0.4754125359711068,2661.58740234375,1.0557067394256592,2661.58740234375,0.4754125359711068
13,11.997727394104004,3.443939208984375,0.5114609585877468,2580.515625,1.0781259536743164,2580.515625,0.5114609585877468
14,12.93636417388916,3.6401515007019043,0.5186331024931703,2525.796630859375,1.0365098714828491,2525.796630859375,0.5186331024931703
15,13.127273559570312,3.6606061458587646,0.5126720449510831,2532.869873046875,1.0531880855560303,2532.869873046875,0.5126720449510831
16,17.625,4.365909099578857,0.46341224992682817,2471.826416015625,1.0055725574493408,2471.826416015625,0.46341224992682817
17,17.568939208984375,4.342423915863037,0.4819243461512307,2420.914794921875,1.0072097778320312,2420.914794921875,0.4819243461512307
18,17.821212768554688,4.428787708282471,0.429757591772716,2397.254150390625,1.0306520462036133,2397.254150390625,0.429757591772716
19,22.134090423583984,5.08863639831543,0.45853142839372085,2376.401123046875,0.9784790873527527,2376.401123046875,0.45853142839372085
20,23.227272033691406,5.170454502105713,0.44324729785772976,2369.51220703125,0.9957059025764465,2369.51220703125,0.44324729785772976
21,23.84393882751465,5.360605716705322,0.43037038945366657,2321.401611328125,0.9799156188964844,2321.401611328125,0.43037038945366657
22,25.126514434814453,5.578787803649902,0.44869685725649056,2381.54296875,0.9786518216133118,2381.54296875,0.44869685725649056
23,27.860605239868164,5.902272701263428,0.44165243993156533,2377.43310546875,0.9366111159324646,2377.43310546875,0.44165243993156533
24,28.06818199157715,6.040151596069336,0.4272641186522952,2336.296142578125,0.9277691841125488,2336.296142578125,0.4272641186522952
25,29.993183135986328,6.23106050491333,0.408141111249369,2388.69140625,0.9407446980476379,2388.69140625,0.408141111249369
26,30.57575798034668,6.4643940925598145,0.41801434449866737,2426.0087890625,0.9086011648178101,2426.0087890625,0.41801434449866737
27,31.212121963500977,6.533333778381348,0.43371470300508463,2418.199951171875,0.9050986766815186,2418.199951171875,0.43371470300508463
28,32.58409118652344,6.773484706878662,0.4251242720329297,2443.20947265625,0.8903740048408508,2443.20947265625,0.4251242720329297
29,32.39848709106445,6.837879180908203,0.35315654055801765,2459.853515625,0.8952133655548096,2459.853515625,0.35315654055801765
30,33.25227355957031,7.093181610107422,0.38350125601325036,2413.1650390625,0.8743308782577515,2413.1650390625,0.38350125601325036
31,31.6689395904541,6.869696617126465,0.39722671128224574,2382.736572265625,0.884133517742157,2382.736572265625,0.39722671128224574
32,33.48788070678711,7.026515007019043,0.3410573651047323,2413.37451171875,0.894489586353302,2413.37451171875,0.3410573651047323
33,33.92045593261719,7.078030109405518,0.34748365782548774,2415.017333984375,0.8746994137763977,2415.017333984375,0.34748365782548774
34,33.30984878540039,7.066666126251221,0.37887226319496736,2436.907958984375,0.8438599109649658,2436.907958984375,0.37887226319496736
35,34.95909118652344,7.2356061935424805,0.3916087636698157,2462.390380859375,0.8538121581077576,2462.390380859375,0.3916087636698157
36,35.641666412353516,7.532575607299805,0.34752712571038635,2449.325439453125,0.8513392806053162,2449.325439453125,0.34752712571038635
37,34.801517486572266,7.424999713897705,0.309628989617272,2483.18212890625,0.8537377715110779,2483.18212890625,0.309628989617272
38,34.917423248291016,7.407575607299805,0.3648192036369572,2467.973876953125,0.8629615902900696,2467.973876953125,0.3648192036369572
39,35.6106071472168,7.600757598876953,0.3715102630094207,2462.779296875,0.8360572457313538,2462.779296875,0.3715102630094207
40,35.30984878540039,7.5492424964904785,0.3420313827100704,2410.676025390625,0.850073516368866,2410.676025390625,0.3420313827100704
41,34.99166488647461,7.446212291717529,0.3550445164721445,2426.595458984375,0.8379825353622437,2426.595458984375,0.3550445164721445
42,36.01818084716797,7.6954545974731445,0.3624999375321005,2473.58251953125,0.8459476828575134,2473.58251953125,0.3624999375321005
43,33.19999694824219,7.351515293121338,0.3743755567100194,2392.114501953125,0.8444546461105347,2392.114501953125,0.3743755567100194
44,35.361366271972656,7.593181610107422,0.3550408341994261,2482.968017578125,0.8372617959976196,2482.968017578125,0.3550408341994261
45,35.284847259521484,7.578787803649902,0.3762498853333619,2450.521484375,0.8331499099731445,2450.521484375,0.3762498853333619
46,35.87651443481445,7.587121486663818,0.38384523854821884,2445.14990234375,0.8440810441970825,2445.14990234375,0.38384523854821884
47,35.07045364379883,7.675000190734863,0.38923467687419816,2442.6201171875,0.8159746527671814,2442.6201171875,0.38923467687419816
48,35.193180084228516,7.732575416564941,0.3186981907522485,2435.472412109375,0.7999136447906494,2435.472412109375,0.3186981907522485
49,35.646968841552734,7.75454568862915,0.35794129899202975,2480.306884765625,0.820303738117218,2480.306884765625,0.35794129899202975
50,35.08863830566406,7.823485374450684,0.3693195805332342,2411.8720703125,0.8244279623031616,2411.8720703125,0.3693195805332342
51,35.67197036743164,7.887121200561523,0.37854607441269716,2485.957275390625,0.8164717555046082,2485.957275390625,0.37854607441269716
52,34.962120056152344,7.696212291717529,0.3658810179353635,2432.05712890625,0.8304718136787415,2432.05712890625,0.3658810179353635
53,34.900001525878906,7.631060600280762,0.3742538454324953,2432.529052734375,0.8257234692573547,2432.529052734375,0.3742538454324953
54,33.681060791015625,7.374242782592773,0.34056776251989673,2417.731201171875,0.8120095133781433,2417.731201171875,0.34056776251989673
55,35.464393615722656,7.613636493682861,0.32609161591407154,2442.23828125,0.8324058651924133,2442.23828125,0.32609161591407154
56,34.47651672363281,7.565908908843994,0.35189825477093917,2383.8125,0.8318858742713928,2383.8125,0.35189825477093917
57,34.728031158447266,7.539393901824951,0.33896582529164276,2432.17236328125,0.8399618268013,2432.17236328125,0.33896582529164276
58,35.781063079833984,7.907576084136963,0.3591965853751059,2466.480712890625,0.8165316581726074,2466.480712890625,0.3591965853751059
59,33.98030471801758,7.478787899017334,0.35764511952311206,2405.28759765625,0.856009840965271,2405.28759765625,0.35764511952311206
60,34.694698333740234,7.580303192138672,0.33951334273366596,2438.921142578125,0.8470091223716736,2438.921142578125,0.33951334273366596
61,33.9856071472168,7.448484897613525,0.35669894099603994,2409.98486328125,0.8240572810173035,2409.98486328125,0.35669894099603994
62,34.037879943847656,7.412878513336182,0.34421735976123136,2380.43896484375,0.8222964406013489,2380.43896484375,0.34421735976123136
63,33.66969680786133,7.349242210388184,0.37501274150734326,2359.464599609375,0.8045985102653503,2359.464599609375,0.37501274150734326
64,34.44696807861328,7.7356061935424805,0.3403063236898614,2390.00341796875,0.7983327507972717,2390.00341796875,0.3403063236898614
65,33.38333511352539,7.492424488067627,0.32580441321171416,2347.02880859375,0.7905123233795166,2347.02880859375,0.32580441321171416
66,33.327274322509766,7.254545211791992,0.38603432452943753,2363.076171875,0.8377753496170044,2363.076171875,0.38603432452943753
67,33.09242248535156,7.398484706878662,0.3381159874141594,2401.254638671875,0.8312721848487854,2401.254638671875,0.3381159874141594
68,32.95757293701172,7.421969413757324,0.3521474002316991,2384.130126953125,0.8168057799339294,2384.130126953125,0.3521474002316991
69,32.88106155395508,7.422727584838867,0.34959650602161974,2348.32177734375,0.8210632801055908,2348.32177734375,0.34959650602161974
70,32.23030090332031,7.362879276275635,0.3685146605845237,2346.744873046875,0.8066007494926453,2346.744873046875,0.3685146605845237
71,32.853031158447266,7.198484897613525,0.36465978365029766,2352.802978515625,0.8329012393951416,2352.802978515625,0.36465978365029766
72,33.25530242919922,7.473484992980957,0.3511205267711693,2385.487060546875,0.8177820444107056,2385.487060546875,0.3511205267711693
73,32.041664123535156,7.327272891998291,0.3649765554566453,2341.702392578125,0.8231913447380066,2341.702392578125,0.3649765554566453
74,32.40227508544922,7.353787899017334,0.30966045088286265,2316.14453125,0.8086861968040466,2316.14453125,0.30966045088286265
75,30.89090919494629,7.140151500701904,0.373143818685456,2333.53955078125,0.8344091773033142,2333.53955078125,0.373143818685456
76,32.732574462890625,7.354545593261719,0.3825759585513335,2299.114501953125,0.8436527252197266,2299.114501953125,0.3825759585513335
77,31.76060676574707,7.146969318389893,0.39561490787760895,2327.6181640625,0.7964980006217957,2327.6181640625,0.39561490787760895
78,31.215909957885742,7.281818389892578,0.40522884512458085,2348.451416015625,0.7939099669456482,2348.451416015625,0.40522884512458085
79,31.707576751708984,7.224999904632568,0.3842405322577459,2332.55810546875,0.7915241718292236,2332.55810546875,0.3842405322577459
80,31.49242401123047,7.113636493682861,0.37371839747182756,2354.212890625,0.8343636989593506,2354.212890625,0.37371839747182756
81,31.775001525878906,7.128787994384766,0.34734896413291455,2277.56787109375,0.8254693746566772,2277.56787109375,0.34734896413291455
82,31.38863754272461,7.118939399719238,0.3617885541658756,2331.2177734375,0.8368854522705078,2331.2177734375,0.3617885541658756
83,30.564393997192383,7.047727108001709,0.40458163215520515,2310.330322265625,0.796168863773346,2310.330322265625,0.40458163215520515
84,30.998485565185547,7.12954568862915,0.3489149555922177,2332.35546875,0.7888991236686707,2332.35546875,0.3489149555922177
85,29.996213912963867,6.957575798034668,0.34970554476434157,2267.708251953125,0.815712034702301,2267.708251953125,0.34970554476434157
86,30.33863639831543,6.986363887786865,0.3542988320516378,2311.009521484375,0.8354845643043518,2311.009521484375,0.3542988320516378
87,31.33636474609375,7.2696967124938965,0.36190883014422714,2294.90625,0.8061394691467285,2294.90625,0.36190883014422714
88,31.728029251098633,7.237878322601318,0.363432533383787,2301.1640625,0.8249160647392273,2301.1640625,0.363432533383787
89,30.31515121459961,7.112878799438477,0.3807644911022798,2279.14208984375,0.7972001433372498,2279.14208984375,0.3807644911022798
90,30.08560562133789,6.960605621337891,0.3393901208669927,2296.152099609375,0.8177744150161743,2296.152099609375,0.3393901208669927
91,29.9742431640625,6.848484992980957,0.35889156777591813,2272.2548828125,0.7882428169250488,2272.2548828125,0.35889156777591813
92,29.313636779785156,6.903787612915039,0.36697858408132294,2235.05712890625,0.843700110912323,2235.05712890625,0.36697858408132294
93,30.32272720336914,7.065151691436768,0.4220600737644361,2247.255126953125,0.8216750621795654,2247.255126953125,0.4220600737644361
94,30.609092712402344,7.027272701263428,0.3695245318165847,2293.617919921875,0.8211935758590698,2293.617919921875,0.3695245318165847
95,30.547725677490234,7.0757575035095215,0.3442637377755836,2288.515380859375,0.801278293132782,2288.515380859375,0.3442637377755836
96,31.118938446044922,7.12045431137085,0.34062622901243783,2284.418212890625,0.7890527844429016,2284.418212890625,0.34062622901243783
97,30.089393615722656,7.080303192138672,0.3812156841145877,2265.242919921875,0.8196861743927002,2265.242919921875,0.3812156841145877
98,30.33333396911621,6.968181610107422,0.36964892534144933,2313.96875,0.8154159784317017,2313.96875,0.36964892534144933
99,29.894697189331055,7.029545307159424,0.3739830082496546,2286.10986328125,0.8056340217590332,2286.10986328125,0.3739830082496546
100,30.402273178100586,7.212878704071045,0.3596247327246548,2301.371337890625,0.7954285144805908,2301.371337890625,0.3596247327246548
101,30.24469566345215,7.191667079925537,0.35111458840079035,2245.328369140625,0.7892630100250244,2245.328369140625,0.35111458840079035
102,29.447729110717773,6.968939304351807,0.3918383153270024,2286.232666015625,0.8052025437355042,2286.232666015625,0.3918383153270024
103,29.447729110717773,7.071969509124756,0.3263263099063404,2234.722900390625,0.8120113015174866,2234.722900390625,0.3263263099063404
104,29.441665649414062,7.032575607299805,0.3431360734410853,2286.699462890625,0.826884925365448,2286.699462890625,0.3431360734410853
105,29.233333587646484,7.031818389892578,0.33932119532181815,2269.286376953125,0.7564053535461426,2269.286376953125,0.33932119532181815
106,30.974241256713867,7.397727012634277,0.3838048175932235,2256.346923828125,0.7385680675506592,2256.346923828125,0.3838048175932235
107,30.416667938232422,7.283333778381348,0.3320722717813329,2277.03662109375,0.7982765436172485,2277.03662109375,0.3320722717813329
108,29.08257484436035,7.10151481628418,0.3561791789978834,2268.3974609375,0.7901089787483215,2268.3974609375,0.3561791789978834
109,29.422727584838867,7.03787899017334,0.3794602998799089,2258.816650390625,0.8117208480834961,2258.816650390625,0.3794602998799089
110,30.215150833129883,7.224999904632568,0.3614748862919807,2260.12646484375,0.7563996315002441,2260.12646484375,0.3614748862919807
111,30.31363868713379,7.307575702667236,0.3658263070824663,2260.708740234375,0.7971571087837219,2260.708740234375,0.3658263070824663
112,29.315153121948242,7.284848213195801,0.3632943397007503,2253.461669921875,0.7948297262191772,2253.461669921875,0.3632943397007503
113,28.8454532623291,7.0143938064575195,0.35316826231641346,2269.4375,0.8007000684738159,2269.4375,0.35316826231641346
114,29.96363639831543,7.330302715301514,0.35770278054098453,2229.139404296875,0.7743949294090271,2229.139404296875,0.35770278054098453
115,30.524242401123047,7.284090518951416,0.35184061631882,2249.593994140625,0.7873032093048096,2249.593994140625,0.35184061631882
116,30.0037899017334,7.2780303955078125,0.3951211923632012,2233.255126953125,0.7644600868225098,2233.255126953125,0.3951211923632012
117,30.03106117248535,7.282576084136963,0.3610266056418069,2265.8662109375,0.7605008482933044,2265.8662109375,0.3610266056418069
118,30.315908432006836,7.371212005615234,0.32336730398853636,2267.5693359375,0.7702891230583191,2267.5693359375,0.32336730398853636
119,28.95757484436035,7.256817817687988,0.3606836159581157,2209.600830078125,0.7576223611831665,2209.600830078125,0.3606836159581157
120,30.0696964263916,7.454545974731445,0.3596155967962817,2288.222412109375,0.7389599084854126,2288.222412109375,0.3596155967962817
121,30.56212043762207,7.45075798034668,0.385101905565278,2268.97705078125,0.7520178556442261,2268.97705078125,0.385101905565278
122,29.2242431640625,7.354545593261719,0.3614326431226008,2236.5234375,0.7685946822166443,2236.5234375,0.3614326431226008
123,30.0992431640625,7.5272722244262695,0.3324477742192662,2239.292724609375,0.7552285194396973,2239.292724609375,0.3324477742192662
124,30.598485946655273,7.6424241065979,0.32351194483422696,2260.4482421875,0.7631019353866577,2260.4482421875,0.32351194483422696
125,29.181060791015625,7.349242210388184,0.30963190634921317,2201.115234375,0.7725867629051208,2201.115234375,0.30963190634921317
126,29.441665649414062,7.485605716705322,0.3547513991469465,2270.123291015625,0.7459447383880615,2270.123291015625,0.3547513991469465
127,29.949241638183594,7.681060791015625,0.3028421533905618,2217.990966796875,0.712018609046936,2217.990966796875,0.3028421533905618
128,31.506061553955078,8.018181800842285,0.30732925257500743,2239.501953125,0.7202699184417725,2239.501953125,0.30732925257500743
129,31.557575225830078,7.883333206176758,0.31720538916748353,2245.593505859375,0.7001864910125732,2245.593505859375,0.31720538916748353
130,30.60227394104004,7.633333683013916,0.3074097971714104,2262.05908203125,0.7432708740234375,2262.05908203125,0.3074097971714104
131,30.26590919494629,7.655303001403809,0.34565429137724896,2269.8291015625,0.733081579208374,2269.8291015625,0.34565429137724896
132,29.51287841796875,7.579545497894287,0.34010280967106954,2250.8779296875,0.7453458309173584,2250.8779296875,0.34010280967106954
133,30.73333168029785,7.8416666984558105,0.3483250755540118,2240.953369140625,0.721718430519104,2240.953369140625,0.3483250755540118
134,30.0257568359375,7.61893892288208,0.3440101137005271,2283.2626953125,0.7360662221908569,2283.2626953125,0.3440101137005271
135,31.19545555114746,8.068939208984375,0.3023252836315735,2244.265380859375,0.7553889751434326,2244.265380859375,0.3023252836315735
136,31.158334732055664,7.98106050491333,0.32334954158996904,2223.828125,0.7557240724563599,2223.828125,0.32334954158996904
137,30.47575569152832,7.850757122039795,0.3040399461086849,2249.779296875,0.7143739461898804,2249.779296875,0.3040399461086849
138,30.534849166870117,7.971212387084961,0.3385727725076956,2261.171142578125,0.7029018402099609,2261.171142578125,0.3385727725076956
139,30.424999237060547,7.960606575012207,0.33265926040676275,2224.951904296875,0.7225373983383179,2224.951904296875,0.33265926040676275
140,29.56591033935547,7.807575702667236,0.4087340967688169,2229.57177734375,0.7093428373336792,2229.57177734375,0.4087340967688169
141,29.798484802246094,7.7166666984558105,0.3744501700154503,2239.5009765625,0.719247579574585,2239.5009765625,0.3744501700154503
142,30.61969566345215,8.17424201965332,0.32419107850882084,2205.299560546875,0.7129530906677246,2205.299560546875,0.32419107850882084
143,30.4045467376709,8.0090913772583,0.3386275426836767,2208.04541015625,0.6804002523422241,2208.04541015625,0.3386275426836767
144,31.240909576416016,8.243939399719238,0.31341100496287033,2265.10888671875,0.7055039405822754,2265.10888671875,0.31341100496287033
145,30.60227394104004,8.11212158203125,0.34440725740999834,2228.064453125,0.7103015184402466,2228.064453125,0.34440725740999834
146,30.844697952270508,8.17424201965332,0.35708221100375614,2235.705078125,0.7127004861831665,2235.705078125,0.35708221100375614
147,31.02802848815918,8.225757598876953,0.32316924357483245,2207.766845703125,0.6860342025756836,2207.766845703125,0.32316924357483245
148,31.703031539916992,8.296969413757324,0.38932211959615937,2252.19921875,0.6842267513275146,2252.19921875,0.38932211959615937
149,29.831817626953125,7.893181800842285,0.34994679068992485,2235.458740234375,0.7069692611694336,2235.458740234375,0.34994679068992485
150,31.559091567993164,8.399999618530273,0.3660758524132624,2251.166748046875,0.7651352286338806,2251.166748046875,0.3660758524132624
151,30.64545440673828,8.095454216003418,0.35971540903351473,2224.310302734375,0.7152431011199951,2224.310302734375,0.35971540903351473
152,30.618938446044922,8.162121772766113,0.35809671778537866,2204.7451171875,0.719334602355957,2204.7451171875,0.35809671778537866
153,29.45757484436035,7.874242305755615,0.382063761674329,2229.6396484375,0.6913094520568848,2229.6396484375,0.382063761674329
154,30.95075798034668,8.23712158203125,0.3865781503044541,2154.75830078125,0.6675583124160767,2154.75830078125,0.3865781503044541
155,30.63787841796875,8.431818008422852,0.309615522755004,2216.105712890625,0.6958837509155273,2216.105712890625,0.309615522755004
156,31.090152740478516,8.25151538848877,0.37235870667445226,2209.24462890625,0.7038078308105469,2209.24462890625,0.37235870667445226
157,29.7757568359375,8.175000190734863,0.3598171937067174,2229.36962890625,0.6913436651229858,2229.36962890625,0.3598171937067174
158,31.31287956237793,8.421969413757324,0.3272934747418257,2223.927490234375,0.6767584085464478,2223.927490234375,0.3272934747418257
159,30.812877655029297,8.330302238464355,0.3946580184024935,2223.947998046875,0.6938043832778931,2223.947998046875,0.3946580184024935
160,29.698484420776367,8.237878799438477,0.347590405314923,2194.037841796875,0.6811857223510742,2194.037841796875,0.347590405314923
161,30.618181228637695,8.55984878540039,0.33632506124124184,2168.15283203125,0.6794953346252441,2168.15283203125,0.33632506124124184
162,31.02651596069336,8.409090995788574,0.34033322432388347,2192.7197265625,0.6807711124420166,2192.7197265625,0.34033322432388347
163,31.059091567993164,8.620454788208008,0.3745508692677335,2259.795654296875,0.6440348625183105,2259.795654296875,0.3745508692677335
164,29.715150833129883,8.315908432006836,0.3479625518272451,2185.6240234375,0.6807581186294556,2185.6240234375,0.3479625518272451
165,30.52651596069336,8.624241828918457,0.35928368342581823,2225.594482421875,0.685247540473938,2225.594482421875,0.35928368342581823
166,30.633333206176758,8.500758171081543,0.330706958304399,2193.988037109375,0.6630517244338989,2193.988037109375,0.330706958304399
167,30.60681915283203,8.35303020477295,0.3480484535690457,2168.428466796875,0.6691930294036865,2168.428466796875,0.3480484535690457
168,29.69091033935547,8.410605430603027,0.3407969477320898,2191.776123046875,0.6262719631195068,2191.776123046875,0.3407969477320898
169,30.1946964263916,8.55984878540039,0.3628051534475055,2182.479736328125,0.6637343168258667,2182.479736328125,0.3628051534475055
170,30.50984764099121,8.633333206176758,0.32882384584191626,2170.108154296875,0.6824803352355957,2170.108154296875,0.32882384584191626
171,30.99242401123047,8.745453834533691,0.37075369011110704,2161.658935546875,0.6223934888839722,2161.658935546875,0.37075369011110704
172,30.177270889282227,8.502272605895996,0.3528939178181833,2143.677001953125,0.6304135322570801,2143.677001953125,0.3528939178181833
173,29.91742515563965,8.56515121459961,0.3734983658316405,2205.743408203125,0.6324481964111328,2205.743408203125,0.3734983658316405
174,31.706819534301758,9.003787994384766,0.338575970120238,2208.123291015625,0.690565824508667,2208.123291015625,0.338575970120238
175,30.323484420776367,8.725757598876953,0.3668054664126399,2198.083251953125,0.6291892528533936,2198.083251953125,0.3668054664126399
176,30.37196922302246,8.933333396911621,0.3460702910305117,2169.00537109375,0.6161960363388062,2169.00537109375,0.3460702910305117
177,30.306058883666992,8.669696807861328,0.36350263224560747,2184.765625,0.6589341163635254,2184.765625,0.36350263224560747
178,30.908334732055664,8.94772720336914,0.36396507353259605,2193.256591796875,0.637547492980957,2193.256591796875,0.36396507353259605
179,30.73333168029785,9.142424583435059,0.36531052881687315,2128.703369140625,0.6215317249298096,2128.703369140625,0.36531052881687315
180,30.364395141601562,8.856060028076172,0.36209365619072986,2197.0771484375,0.6695907115936279,2197.0771484375,0.36209365619072986
181,31.759849548339844,9.216667175292969,0.38872135243063255,2150.746337890625,0.6520136594772339,2150.746337890625,0.38872135243063255
182,31.13030242919922,9.145454406738281,0.329237948121859,2176.401611328125,0.6316549777984619,2176.401611328125,0.329237948121859
183,30.743938446044922,9.098484992980957,0.35205400989565444,2134.40576171875,0.6092519760131836,2134.40576171875,0.35205400989565444
184,29.872726440429688,8.881060600280762,0.36846209595124224,2111.93798828125,0.6430950164794922,2111.93798828125,0.36846209595124224
185,31.673484802246094,9.515909194946289,0.3775832508636957,2188.848876953125,0.5747159719467163,2188.848876953125,0.3775832508636957
186,31.11136245727539,9.491666793823242,0.3367777193490882,2138.672607421875,0.63365638256073,2138.672607421875,0.3367777193490882
187,30.05000114440918,9.024242401123047,0.3645162980350889,2126.675537109375,0.6154993772506714,2126.675537109375,0.3645162980350889
188,31.061363220214844,9.304545402526855,0.3519143264957636,2106.052734375,0.6070184707641602,2106.052734375,0.3519143264957636
189,30.60378646850586,9.330303192138672,0.34765611939227586,2136.91943359375,0.5987346172332764,2136.91943359375,0.34765611939227586
190,31.071212768554688,9.654545783996582,0.3415341213893482,2147.041748046875,0.6450906991958618,2147.041748046875,0.3415341213893482
191,30.577272415161133,9.45302963256836,0.3889338871560716,2146.998779296875,0.6120184659957886,2146.998779296875,0.3889338871560716
192,30.690908432006836,9.600757598876953,0.37834740369033193,2149.26708984375,0.612165093421936,2149.26708984375,0.37834740369033193
193,30.48788070678711,9.511363983154297,0.3927614316418821,2132.3662109375,0.6344108581542969,2132.3662109375,0.3927614316418821
194,31.222728729248047,9.71212100982666,0.3996118956927549,2116.5244140625,0.5845586061477661,2116.5244140625,0.3996118956927549
195,30.79924201965332,9.6340913772583,0.3521691445476475,2118.970947265625,0.6319136619567871,2118.970947265625,0.3521691445476475
196,30.48181915283203,9.574999809265137,0.3759104628884173,2116.95654296875,0.5949292182922363,2116.95654296875,0.3759104628884173
197,29.657575607299805,9.531060218811035,0.40774408189772343,2099.877685546875,0.6395012140274048,2099.877685546875,0.40774408189772343
198,29.603031158447266,9.472726821899414,0.40926105409027025,2137.863037109375,0.5864086151123047,2137.863037109375,0.40926105409027025
199,30.57878875732422,9.890909194946289,0.3816934111510889,2143.1240234375,0.6275514364242554,2143.1240234375,0.3816934111510889
200,30.147727966308594,9.740151405334473,0.413697349165594,2100.1796875,0.6023446321487427,2100.1796875,0.413697349165594
201,29.20757484436035,9.310606002807617,0.40682031624202175,2084.43994140625,0.5831466913223267,2084.43994140625,0.40682031624202175
202,30.454545974731445,10.02196979522705,0.4179490715072129,2090.60400390625,0.577333927154541,2090.60400390625,0.4179490715072129
203,29.548484802246094,9.718939781188965,0.42988069608454027,2091.035400390625,0.618761420249939,2091.035400390625,0.42988069608454027
204,30.339393615722656,9.994696617126465,0.4252772312338693,2136.3525390625,0.5789995193481445,2136.3525390625,0.4252772312338693
205,29.586362838745117,9.556818008422852,0.4016067066708022,2107.29833984375,0.6167498826980591,2107.29833984375,0.4016067066708022
206,30.596967697143555,10.077272415161133,0.4100364534627324,2071.128173828125,0.5698624849319458,2071.128173828125,0.4100364534627324
207,29.562122344970703,9.881060600280762,0.43825917630515265,2082.26611328125,0.5578248500823975,2082.26611328125,0.43825917630515265
208,30.48333168029785,10.288636207580566,0.4046251789832291,2064.256103515625,0.586188554763794,2064.256103515625,0.4046251789832291
209,29.85151481628418,10.143939018249512,0.44274082450409513,2069.479736328125,0.594719409942627,2069.479736328125,0.44274082450409513
210,29.781818389892578,10.08712100982666,0.4025820720113965,2101.228759765625,0.6085379123687744,2101.228759765625,0.4025820720113965
211,30.15833282470703,10.490909576416016,0.43087032087859867,2084.479248046875,0.555159330368042,2084.479248046875,0.43087032087859867
212,29.90909194946289,10.252273559570312,0.449007431858035,2036.35888671875,0.555513858795166,2036.35888671875,0.449007431858035
213,29.60151481628418,10.056060791015625,0.40766626978324894,2108.684326171875,0.5810563564300537,2108.684326171875,0.40766626978324894
214,30.024242401123047,10.375,0.4196899120016322,2064.37890625,0.5657747983932495,2064.37890625,0.4196899120016322
215,29.929546356201172,10.436363220214844,0.41831079747780164,2083.520263671875,0.5628228187561035,2083.520263671875,0.41831079747780164
216,29.842424392700195,10.442424774169922,0.4274715133886623,2071.00732421875,0.5189695358276367,2071.00732421875,0.4274715133886623
217,29.35151481628418,10.068939208984375,0.4184464108536286,2020.4801025390625,0.5500717163085938,2020.4801025390625,0.4184464108536286
218,29.58257484436035,10.65227222442627,0.4108129309863948,2059.158935546875,0.5697914361953735,2059.158935546875,0.4108129309863948
219,29.946210861206055,10.674999237060547,0.442058898025957,2086.50537109375,0.5146005153656006,2086.50537109375,0.442058898025957
220,28.88863754272461,10.518939018249512,0.4307425997414073,2041.4705810546875,0.579748272895813,2041.4705810546875,0.4307425997414073
221,29.212879180908203,10.740151405334473,0.4071067001810119,2095.265625,0.5447709560394287,2095.265625,0.4071067001810119
222,29.487878799438477,10.968938827514648,0.4253058094965877,2058.5556640625,0.530643105506897,2058.5556640625,0.4253058094965877
223,28.936363220214844,10.55227279663086,0.43011989267603734,2059.95654296875,0.5949783325195312,2059.95654296875,0.43011989267603734
224,28.428787231445312,10.696211814880371,0.38560179227267566,2021.3699951171875,0.531643271446228,2021.3699951171875,0.38560179227267566
225,29.009849548339844,10.71212100982666,0.4223186924748092,2010.8685302734375,0.5077499151229858,2010.8685302734375,0.4223186924748092
226,29.263635635375977,10.76287841796875,0.424945602206495,2007.671630859375,0.5233515501022339,2007.671630859375,0.424945602206495
227,29.301515579223633,11.105302810668945,0.414478522552328,2062.296875,0.5035842657089233,2062.296875,0.414478522552328
228,28.778032302856445,10.574999809265137,0.4018211963492997,2068.96728515625,0.5164209604263306,2068.96728515625,0.4018211963492997
229,29.190153121948242,11.173484802246094,0.42334858303873557,2013.2183837890625,0.4875754117965698,2013.2183837890625,0.42334858303873557
230,28.64772605895996,10.526515007019043,0.45222295221093906,1998.72412109375,0.5150507688522339,1998.72412109375,0.45222295221093906
231,29.034090042114258,11.300000190734863,0.4524005572926576,1968.427490234375,0.4584084749221802,1968.427490234375,0.4524005572926576
232,28.139394760131836,10.859848976135254,0.42502610029269783,2043.8170166015625,0.5602678060531616,2043.8170166015625,0.42502610029269783
233,28.32272720336914,11.365151405334473,0.4148947071579787,2020.5819091796875,0.5353012084960938,2020.5819091796875,0.4148947071579787
234,27.69772720336914,10.868939399719238,0.41669822207183516,2044.0023193359375,0.491402268409729,2044.0023193359375,0.41669822207183516
235,28.400758743286133,10.843181610107422,0.4271609793432975,1965.2794189453125,0.47864651679992676,1965.2794189453125,0.4271609793432975
236,28.155303955078125,11.359848976135254,0.42874344561466576,1994.428466796875,0.514235258102417,1994.428466796875,0.42874344561466576
237,28.050756454467773,11.318939208984375,0.4092002298471621,1980.3470458984375,0.4828944206237793,1980.3470458984375,0.4092002298471621
238,28.66363525390625,11.348484992980957,0.4566529059502581,1976.14013671875,0.4668130874633789,1976.14013671875,0.4566529059502581
239,28.390151977539062,11.46212100982666,0.42995188663973294,1952.8380126953125,0.4954949617385864,1952.8380126953125,0.42995188663973294
240,28.01287841796875,11.625,0.4375764018531798,1963.7080078125,0.465404748916626,1963.7080078125,0.4375764018531798
241,27.666667938232422,11.971969604492188,0.4900523053337662,1949.49365234375,0.48192811012268066,1949.49365234375,0.4900523053337662
242,26.806058883666992,11.290151596069336,0.4736816905780527,1982.3868408203125,0.4852166175842285,1982.3868408203125,0.4736816905780527
243,27.66969871520996,11.925000190734863,0.4386954263092123,1942.25244140625,0.40745246410369873,1942.25244140625,0.4386954263092123
244,27.27045440673828,11.640909194946289,0.4293275321272202,1984.1968994140625,0.47612905502319336,1984.1968994140625,0.4293275321272202
245,27.240150451660156,11.865151405334473,0.415601444978371,1971.553955078125,0.5130969285964966,1971.553955078125,0.415601444978371
246,27.83333396911621,12.28636360168457,0.4368762667128461,1992.2054443359375,0.4504319429397583,1992.2054443359375,0.4368762667128461
247,27.48636245727539,11.92424201965332,0.501894417780997,1945.5833740234375,0.4883493185043335,1945.5833740234375,0.501894417780997
248,27.089393615722656,12.287120819091797,0.4574603668583158,1955.432861328125,0.43963396549224854,1955.432861328125,0.4574603668583158
249,26.987119674682617,12.26287841796875,0.45742039148660896,1936.5484619140625,0.4493759870529175,1936.5484619140625,0.45742039148660896
250,27.33863639831543,12.333333969116211,0.49011006560857473,1924.82763671875,0.43843114376068115,1924.82763671875,0.49011006560857473
251,27.21666717529297,12.488636016845703,0.4717628955935698,1954.7230224609375,0.4379875659942627,1954.7230224609375,0.4717628955935698
252,27.687877655029297,12.752272605895996,0.46581525217431474,1964.8701171875,0.4335172176361084,1964.8701171875,0.46581525217431474
253,26.68408966064453,12.689393997192383,0.3588241195936939,1917.4000244140625,0.42091071605682373,1917.4000244140625,0.3588241195936939
254,26.15378761291504,12.093181610107422,0.4353650856750595,1985.7255859375,0.40979158878326416,1985.7255859375,0.4353650856750595
255,26.4560604095459,12.621212005615234,0.43579983252011767,1943.5059814453125,0.47596275806427,1943.5059814453125,0.43579983252011767
256,26.621971130371094,12.780303001403809,0.43575491547431233,1968.4696044921875,0.38052618503570557,1968.4696044921875,0.43575491547431233
257,26.23181915283203,12.854544639587402,0.41551918566699864,1923.998779296875,0.4154057502746582,1923.998779296875,0.41551918566699864
258,26.60227394104004,12.79924201965332,0.42701338768202485,1912.8245849609375,0.45539069175720215,1912.8245849609375,0.42701338768202485
259,25.596969604492188,12.582576751708984,0.4839934173664074,1919.408447265625,0.4367656707763672,1919.408447265625,0.4839934173664074
260,25.978031158447266,12.929545402526855,0.4559340367832436,1920.6834716796875,0.43588900566101074,1920.6834716796875,0.4559340367832436
261,26.20302963256836,13.499241828918457,0.4602557087734495,1877.0433349609375,0.38495755195617676,1877.0433349609375,0.4602557087734495
262,25.753787994384766,12.821212768554688,0.4571375934547165,1935.5675048828125,0.40162408351898193,1935.5675048828125,0.4571375934547165
263,25.73409080505371,13.09999942779541,0.45393633616504164,1915.8294677734375,0.4003262519836426,1915.8294677734375,0.45393633616504164
264,25.159847259521484,12.851515769958496,0.429938682043591,1910.304443359375,0.34690725803375244,1910.304443359375,0.429938682043591
265,25.523483276367188,13.435606956481934,0.47089608418173456,1911.962890625,0.3970956802368164,1911.962890625,0.47089608418173456
266,25.0772705078125,13.27500057220459,0.49813006674304317,1880.006591796875,0.39335548877716064,1880.006591796875,0.49813006674304317
267,25.63257598876953,13.589393615722656,0.46222577534511866,1853.9442138671875,0.36845850944519043,1853.9442138671875,0.46222577534511866
268,24.95833396911621,13.62121295928955,0.44546408666204196,1900.1405029296875,0.3913264274597168,1900.1405029296875,0.44546408666204196
269,25.451513290405273,14.2409086227417,0.4494889964147665,1821.593994140625,0.42397868633270264,1821.593994140625,0.4494889964147665
270,24.899999618530273,14.043182373046875,0.4760781941169136,1870.527099609375,0.3587493896484375,1870.527099609375,0.4760781941169136
271,24.358333587646484,13.740909576416016,0.4378889895371675,1868.4599609375,0.36082255840301514,1868.4599609375,0.4378889895371675
272,24.78863525390625,13.928787231445312,0.5355119658174086,1859.786865234375,0.3859686851501465,1859.786865234375,0.5355119658174086
273,24.899999618530273,14.268939018249512,0.4845604441784028,1819.0543212890625,0.33436524868011475,1819.0543212890625,0.4845604441784028
274,24.19696807861328,14.1598482131958,0.4269945682968146,1893.07568359375,0.3623443841934204,1893.07568359375,0.4269945682968146
275,24.657575607299805,14.447728157043457,0.5041485959857571,1820.569580078125,0.3262394666671753,1820.569580078125,0.5041485959857571
276,23.879545211791992,14.122727394104004,0.4566566126209384,1880.7677001953125,0.35177111625671387,1880.7677001953125,0.4566566126209384
277,24.19545555114746,14.756817817687988,0.465241113386507,1879.654052734375,0.36076974868774414,1879.654052734375,0.465241113386507
278,23.932575225830078,14.577272415161133,0.46146888135814634,1879.9608154296875,0.3716686964035034,1879.9608154296875,0.46146888135814634
279,23.734848022460938,14.876514434814453,0.5049643266941203,1856.16796875,0.34302008152008057,1856.16796875,0.5049643266941203
280,24.11742401123047,14.621212005615234,0.4998773935955271,1826.3143310546875,0.35521209239959717,1826.3143310546875,0.4998773935955271
281,23.631818771362305,14.847726821899414,0.49172351578263906,1839.3555908203125,0.36225247383117676,1839.3555908203125,0.49172351578263906
282,23.5181827545166,15.002272605895996,0.46261955097163565,1846.9349365234375,0.32819557189941406,1846.9349365234375,0.46261955097163565
283,23.325000762939453,14.949999809265137,0.46389228233659235,1852.9837646484375,0.3313337564468384,1852.9837646484375,0.46389228233659235
284,23.321212768554688,15.641667366027832,0.5020697994970137,1817.505126953125,0.32509922981262207,1817.505126953125,0.5020697994970137
285,23.243940353393555,15.300758361816406,0.54570299502938,1847.1044921875,0.3294651508331299,1847.1044921875,0.54570299502938
286,23.252273559570312,15.73939323425293,0.49887001687718296,1847.0010986328125,0.3118865489959717,1847.0010986328125,0.49887001687718296
287,23.405303955078125,15.48939323425293,0.4693791487078846,1847.62548828125,0.32632994651794434,1847.62548828125,0.4693791487078846
288,22.925756454467773,15.779545783996582,0.4990902268321926,1876.3668212890625,0.3218193054199219,1876.3668212890625,0.4990902268321926
289,23.350000381469727,15.665909767150879,0.4973146800499756,1843.44921875,0.2691776752471924,1843.44921875,0.4973146800499756
290,22.607574462890625,15.455302238464355,0.48068588688283537,1858.070068359375,0.2967125177383423,1858.070068359375,0.48068588688283537
291,22.912120819091797,15.904545783996582,0.4709412263718182,1832.2076416015625,0.29928815364837646,1832.2076416015625,0.4709412263718182
292,22.008333206176758,16.249242782592773,0.45628409621955635,1851.8853759765625,0.2962155342102051,1851.8853759765625,0.45628409621955635
293,22.459848403930664,15.523484230041504,0.48972391422116096,1852.6932373046875,0.285758376121521,1852.6932373046875,0.48972391422116096
294,22.579544067382812,16.806060791015625,0.49210969706361524,1828.7603759765625,0.3095475435256958,1828.7603759765625,0.49210969706361524
295,22.093181610107422,16.193939208984375,0.5169507437315543,1853.948974609375,0.28653717041015625,1853.948974609375,0.5169507437315543
296,22.056060791015625,16.190908432006836,0.5150152221432925,1828.3406982421875,0.2740914821624756,1828.3406982421875,0.5150152221432925
297,22.20075798034668,16.143938064575195,0.5015150933841592,1852.603515625,0.29434633255004883,1852.603515625,0.5015150933841592
298,21.728029251098633,16.024242401123047,0.4795373184993422,1868.4708251953125,0.2733675241470337,1868.4708251953125,0.4795373184993422
299,22.29242515563965,16.912120819091797,0.46992797480778375,1832.62939453125,0.3277648687362671,1832.62939453125,0.46992797480778375
300,21.761363983154297,16.205303192138672,0.5350282926401648,1820.3033447265625,0.27750706672668457,1820.3033447265625,0.5350282926401648
301,21.64318084716797,16.850000381469727,0.4846326873571304,1851.5638427734375,0.27966248989105225,1851.5638427734375,0.4846326873571304
302,21.743181228637695,17.113636016845703,0.5168736268007229,1856.719482421875,0.26038098335266113,1856.719482421875,0.5168736268007229
303,21.607576370239258,17.950000762939453,0.4820804539706028,1809.4490966796875,0.2624400854110718,1809.4490966796875,0.4820804539706028
304,21.625757217407227,17.295454025268555,0.5394577754951178,1825.95703125,0.24033641815185547,1825.95703125,0.5394577754951178
305,21.17727279663086,18.057575225830078,0.5358955303516277,1806.674072265625,0.2357490062713623,1806.674072265625,0.5358955303516277
306,21.122726440429688,17.639394760131836,0.5143615984794709,1838.514892578125,0.23989439010620117,1838.514892578125,0.5143615984794709
307,21.38787841796875,18.437122344970703,0.5274902245213114,1815.508544921875,0.25680387020111084,1815.508544921875,0.5274902245213114
308,21.153030395507812,17.909849166870117,0.48370795442375786,1847.60498046875,0.2399998903274536,1847.60498046875,0.48370795442375786
309,21.521211624145508,18.631059646606445,0.5485685867058688,1789.4266357421875,0.1999666690826416,1789.4266357421875,0.5485685867058688
310,21.38787841796875,18.221210479736328,0.5391630481978252,1789.80712890625,0.22044098377227783,1789.80712890625,0.5391630481978252
311,21.060606002807617,18.502273559570312,0.5082693320858316,1812.1314697265625,0.23489642143249512,1812.1314697265625,0.5082693320858316
312,21.215150833129883,18.53105926513672,0.5337714409789844,1777.2022705078125,0.19391393661499023,1777.2022705078125,0.5337714409789844
313,21.051515579223633,19.04242515563965,0.5343777887666854,1807.1590576171875,0.17908763885498047,1807.1590576171875,0.5343777887666854
314,20.398483276367188,18.3310604095459,0.5342616699016982,1735.646484375,0.18651270866394043,1735.646484375,0.5342616699016982
315,20.9742431640625,18.78105926513672,0.49665383565235544,1819.0767822265625,0.2000722885131836,1819.0767822265625,0.49665383565235544
316,20.93484878540039,18.952272415161133,0.5330144671534633,1799.7548828125,0.21828222274780273,1799.7548828125,0.5330144671534633
317,21.13787841796875,18.830303192138672,0.5399879719661234,1800.404541015625,0.17123818397521973,1800.404541015625,0.5399879719661234
318,20.631818771362305,19.450756072998047,0.5055767387818744,1789.3629150390625,0.20955848693847656,1789.3629150390625,0.5055767387818744
319,20.690908432006836,18.768939971923828,0.5373290957922308,1854.9283447265625,0.23495352268218994,1854.9283447265625,0.5373290957922308
320,20.892425537109375,18.446969985961914,0.5421230085432696,1851.9625244140625,0.19248902797698975,1851.9625244140625,0.5421230085432696
321,21.05454444885254,18.793182373046875,0.5825075258455636,1845.02880859375,0.18385469913482666,1845.02880859375,0.5825075258455636
322,21.09621238708496,18.5439395904541,0.5495119959316647,1849.043212890625,0.21243178844451904,1849.043212890625,0.5495119959316647
323,21.511363983154297,18.36515235900879,0.5330147065885398,1818.7135009765625,0.19607782363891602,1818.7135009765625,0.5330147065885398
324,20.934091567993164,18.834091186523438,0.5272626596536252,1802.1590576171875,0.19323551654815674,1802.1590576171875,0.5272626596536252
325,21.001514434814453,19.81818199157715,0.537312412727395,1774.3792724609375,0.20589721202850342,1774.3792724609375,0.537312412727395
326,21.471969604492188,18.493181228637695,0.5075827824629008,1808.69873046875,0.17786085605621338,1808.69873046875,0.5075827824629008
327,21.13863754272461,18.475000381469727,0.5282817577742892,1828.6439208984375,0.25976502895355225,1828.6439208984375,0.5282817577742892
328,21.103031158447266,19.526514053344727,0.5270159295779318,1768.2767333984375,0.1867884397506714,1768.2767333984375,0.5270159295779318
329,21.144697189331055,18.162120819091797,0.5562269334610646,1798.5048828125,0.24577748775482178,1798.5048828125,0.5562269334610646
330,20.47651481628418,18.329545974731445,0.5414882439447011,1804.5179443359375,0.2538437843322754,1804.5179443359375,0.5414882439447011
331,20.654544830322266,19.250757217407227,0.5239182562100796,1806.510009765625,0.20494818687438965,1806.510009765625,0.5239182562100796
332,20.817424774169922,19.0,0.5818976586984128,1797.349609375,0.22703444957733154,1797.349609375,0.5818976586984128
333,21.149999618530273,18.46060562133789,0.5344607940916897,1805.484130859375,0.2125006914138794,1805.484130859375,0.5344607940916897
334,20.870454788208008,18.600000381469727,0.5564027015746974,1826.0244140625,0.22519707679748535,1826.0244140625,0.5564027015746974
335,21.377273559570312,18.728788375854492,0.5224833371057499,1791.3602294921875,0.17517995834350586,1791.3602294921875,0.5224833371057499
336,21.18484878540039,19.26363754272461,0.5082148977691506,1802.037353515625,0.197404146194458,1802.037353515625,0.5082148977691506
337,21.021968841552734,19.538637161254883,0.5707449806118924,1817.9267578125,0.17434871196746826,1817.9267578125,0.5707449806118924
338,20.75757598876953,19.140151977539062,0.5363108271773714,1842.1224365234375,0.21587705612182617,1842.1224365234375,0.5363108271773714
339,20.835607528686523,19.217424392700195,0.5186599517191862,1844.0101318359375,0.19758224487304688,1844.0101318359375,0.5186599517191862
340,21.040908813476562,18.943939208984375,0.5518675102497028,1821.704345703125,0.2176203727722168,1821.704345703125,0.5518675102497028
341,21.49015235900879,18.543182373046875,0.4940546021246509,1798.107421875,0.20151448249816895,1798.107421875,0.4940546021246509
342,21.05227279663086,18.977272033691406,0.5127001866660686,1837.7816162109375,0.21583735942840576,1837.7816162109375,0.5127001866660686
343,21.475757598876953,18.91439437866211,0.5817851499683293,1798.5364990234375,0.18815135955810547,1798.5364990234375,0.5817851499683293
344,20.698484420776367,18.024999618530273,0.5375442560120238,1834.304443359375,0.22103512287139893,1834.304443359375,0.5375442560120238
345,21.300756454467773,18.587121963500977,0.5347101502496521,1789.27587890625,0.1682751178741455,1789.27587890625,0.5347101502496521
346,21.048484802246094,18.68181800842285,0.5711799141449664,1796.05078125,0.20405852794647217,1796.05078125,0.5711799141449664
347,20.600000381469727,18.784847259521484,0.5404658065275054,1792.4056396484375,0.24228715896606445,1792.4056396484375,0.5404658065275054
348,21.04166603088379,18.47954559326172,0.5507974087898235,1856.923828125,0.22127902507781982,1856.923828125,0.5507974087898235
349,20.84848403930664,18.775758743286133,0.5365244628928929,1781.5037841796875,0.21220862865447998,1781.5037841796875,0.5365244628928929
350,21.014394760131836,18.650758743286133,0.5601623608783524,1804.6898193359375,0.1756281852722168,1804.6898193359375,0.5601623608783524
351,21.002273559570312,18.524242401123047,0.5522586357739865,1786.232666015625,0.2335507869720459,1786.232666015625,0.5522586357739865
352,21.435606002807617,19.301515579223633,0.4962489478487719,1797.337158203125,0.17473554611206055,1797.337158203125,0.4962489478487719
353,21.205303192138672,18.57499885559082,0.5195643229904651,1864.354248046875,0.21840417385101318,1864.354248046875,0.5195643229904651
354,20.92197036743164,18.554546356201172,0.5198709786980326,1804.403564453125,0.2060626745223999,1804.403564453125,0.5198709786980326
355,21.095455169677734,17.91666603088379,0.5462736195518465,1807.4564208984375,0.22643089294433594,1807.4564208984375,0.5462736195518465
356,21.221969604492188,19.01590919494629,0.5391265892415565,1810.4681396484375,0.19571316242218018,1810.4681396484375,0.5391265892415565
357,20.769697189331055,18.7204532623291,0.5456626935602594,1808.9002685546875,0.23188424110412598,1808.9002685546875,0.5456626935602594
358,20.42727279663086,18.53333282470703,0.5121623465708653,1840.547607421875,0.24430489540100098,1840.547607421875,0.5121623465708653
359,20.738636016845703,18.96060562133789,0.5215763545373748,1790.7540283203125,0.1864856481552124,1790.7540283203125,0.5215763545373748
360,20.89848518371582,18.353029251098633,0.5751305675471381,1823.3839111328125,0.2538571357727051,1823.3839111328125,0.5751305675471381
361,20.93712043762207,19.18181800842285,0.538310636830166,1837.1883544921875,0.22579896450042725,1837.1883544921875,0.538310636830166
362,21.146968841552734,19.333332061767578,0.575335330627458,1822.79833984375,0.20832335948944092,1822.79833984375,0.575335330627458
363,20.657575607299805,18.334091186523438,0.5514448453245625,1797.4130859375,0.22471094131469727,1797.4130859375,0.5514448453245625
364,21.220455169677734,18.568939208984375,0.5284768797154787,1778.47412109375,0.2216801643371582,1778.47412109375,0.5284768797154787
365,20.832576751708984,19.017423629760742,0.5370731315624496,1799.5487060546875,0.1995457410812378,1799.5487060546875,0.5370731315624496
366,20.872726440429688,18.780303955078125,0.5211693809318719,1831.223876953125,0.20882999897003174,1831.223876953125,0.5211693809318719
367,21.16742515563965,17.912120819091797,0.5724169347704591,1776.788330078125,0.22248566150665283,1776.788330078125,0.5724169347704591
368,20.88560676574707,18.290908813476562,0.5793982177666553,1830.4434814453125,0.18266069889068604,1830.4434814453125,0.5793982177666553
369,20.57802963256836,19.21590805053711,0.570135384413085,1805.167724609375,0.21346032619476318,1805.167724609375,0.570135384413085
